"participant_id","fileAs","givenname","surname","birthdate","gender","Address_1","city","province","postalCode"
"1","Chais, Bobby","Bobby","Chais","3/20/2000 12:00:00 AM","male","1905 Gateway Blvd","PRINCE ALBERT","SK","S6V 0K3"
"2","Hicklin, Michael","Michael","Hicklin","3/29/2000 12:00:00 AM","male","521 Albert Street","SASKATOON","SK","S7H 3L6"
"3","Orban, Angela","Angela","Orban","10/10/2003 12:00:00 AM","female","834 Papineau Avenue","ST GREGOR","SK","S0K 3X0"
"4","Villalpando, Ronnie","Ronnie","Villalpando","2/29/2004 12:00:00 AM","male","4529 Grey Rd","PRINCE ALBERT","SK","S6V 4X5"
"5","Nasi, Providencia","Providencia","Nasi","9/13/1999 12:00:00 AM","female","4595 Fallon Drive","PRINCE ALBERT","SK","S6V 1Y2"
"6","Szwarc, Ronald","Ronald","Szwarc","3/30/2000 12:00:00 AM","male","4154 Fallon Drive","PRINCE ALBERT","SK","S6V 6J3"
"7","Struble, Philip","Philip","Struble","7/31/2000 12:00:00 AM","male","4426 rue Boulay","MOOSE JAW","SK","S6H 3P3"
"8","Cowper, Marvin","Marvin","Cowper","6/21/2003 12:00:00 AM","male","2928 Weir Crescent","PRINCE ALBERT","SK","S6V 7M2"
"9","Cartrette, John","John","Cartrette","1/4/2004 12:00:00 AM","male","3293 90th Avenue","PLUNKET","SK","S0K 3J0"
"10","Norato, Norman","Norman","Norato","7/19/2002 12:00:00 AM","male","4670 rue Levy","SASKATOON","SK","S7H 5P4"
"11","Engelbrecht, Delores","Delores","Engelbrecht","3/30/2004 12:00:00 AM","female","3700 St Marys Rd","PRINCE ALBERT","SK","S6V 7V2"
"12","Stephany, Paul","Paul","Stephany","4/20/2003 12:00:00 AM","male","3245 Central Pkwy","REGINA","SK","S4V 2S4"
"13","Heidenreich, Kyle","Kyle","Heidenreich","2/27/2000 12:00:00 AM","male","3454 St Jean Baptiste St","SASKATOON","SK","S7J 3C1"
"14","Keever, Otha","Otha","Keever","9/9/1999 12:00:00 AM","male","767 Brand Road","C0DETTE","SK","S0E 0P0"
"15","Enfinger, Antoinette","Antoinette","Enfinger","11/22/2002 12:00:00 AM","female","185 McGill Road","MOOSE JAW","SK","S6H 4P1"
"16","Grazioplene, Crystal","Crystal","Grazioplene","1/21/2003 12:00:00 AM","female","4519 Papineau Avenue","EDENWOLD","SK","S0G 1K0"
"17","McInerney, Mark","Mark","McInerney","3/24/2004 12:00:00 AM","male","1911 7th Ave","YORKTON","SK","S3N 1S7"
"18","Bagnoli, James","James","Bagnoli","6/11/2004 12:00:00 AM","male","3760 Albert Street","MOOSE JAW","SK","S6H 4A8"
"19","Sisney, Harvey","Harvey","Sisney","12/6/2003 12:00:00 AM","male","4316 Granville St","REGINA","SK","S4R 6J1"
"20","Sierzenga, Robert","Robert","Sierzenga","11/22/2000 12:00:00 AM","male","3198 Blind Bay Road","STONEHENGE","SK","S0H 3Y0"
"21","Demeulenaere, Andrew","Andrew","Demeulenaere","2/10/2001 12:00:00 AM","male","3977 Paradise Crescent","WEYBURN","SK","S4H 2Y4"
"22","Good, Virginia","Virginia","Good","12/6/2003 12:00:00 AM","female","4962 Speers Road","WASKESIEU LAKE","SK","S0J 2Y0"
"23","Evangelista, Jay","Jay","Evangelista","3/5/2001 12:00:00 AM","male","577 Rose Street","SASKATCHEWAN BEACH","SK","S0G 4L0"
"24","Hemingway, Ronald","Ronald","Hemingway","12/22/1999 12:00:00 AM","male","4299 Merivale Road","SASKATOON","SK","S7M 3L2"
"25","Shovan, Paul","Paul","Shovan","8/19/2003 12:00:00 AM","male","2763 Kennedy Rd","MCRORIE","SK","S0L 2E0"
"26","Strate, Paula","Paula","Strate","12/8/2002 12:00:00 AM","female","2296 Kinchant St","TORCH RIVER","SK","S0J 1P0"
"27","Quin, Freddie","Freddie","Quin","11/2/2003 12:00:00 AM","male","1158 St. John Street","SASKATOON","SK","S7H 4T3"
"28","Winnick, Alex","Alex","Winnick","7/7/1999 12:00:00 AM","male","4549 Port Washington Road","LAFLECHE","SK","S0N 2K0"
"29","Zuk, Kenneth","Kenneth","Zuk","1/6/2001 12:00:00 AM","male","1914 90th Avenue","SASKATOON","SK","S7H 5B2"
"30","Bozenski, Leo","Leo","Bozenski","6/8/2001 12:00:00 AM","male","3626 Alexandra Ct","SASKATOON","SK","S7K 3J5"
"31","McBean, Harold","Harold","McBean","6/21/2003 12:00:00 AM","male","4228 Weston Rd","MILESTONE","SK","S0G 3L0"
"32","Schmitz, Manuel","Manuel","Schmitz","9/1/2003 12:00:00 AM","male","199 River Street","VAL MARIE","SK","S0N 2T0"
"33","Gant, Edith","Edith","Gant","8/16/2000 12:00:00 AM","female","4201 Blind Bay Road","SASKATOON","SK","S7H 2R9"
"34","Griff, Rene","Rene","Griff","6/23/2001 12:00:00 AM","male","1508 Adelaide St","MACKLIN","SK","S0K 4L0"
"35","Plowden, Richard","Richard","Plowden","1/14/2003 12:00:00 AM","male","431 Acton Avenue","SASKATOON","SK","S7L 1Z4"
"36","Mekelburg, Brianne","Brianne","Mekelburg","12/18/2003 12:00:00 AM","female","4014 rue des Champs","PRINCE ALBERT","SK","S6V 5Z6"
"37","Seavey, Jeffrey","Jeffrey","Seavey","1/11/2004 12:00:00 AM","male","874 rue des Églises Est","WEYBURN","SK","S4H 0W1"
"38","Copsey, Yvonne","Yvonne","Copsey","12/31/2003 12:00:00 AM","female","3956 Rue De La Gare","REGINA","SK","S4R 2C4"
"39","Deering, Gregg","Gregg","Deering","10/10/2003 12:00:00 AM","male","242 Lockhart Drive","ESTEVAN","SK","S4A 2P2"
"40","Younan, Dustin","Dustin","Younan","2/2/2000 12:00:00 AM","male","748 Robson St","YORKTON","SK","S3N 1T2"
"41","Sampsel, Joseph","Joseph","Sampsel","8/17/2003 12:00:00 AM","male","3477 rue des Églises Est","CLIMAX","SK","S0N 0N0"
"42","Friedman, Andrew","Andrew","Friedman","11/10/2002 12:00:00 AM","male","2843 Queen Elisabeth Blvd","PENSE","SK","S0G 3W0"
"43","Keller, Corrine","Corrine","Keller","5/9/2004 12:00:00 AM","female","1602 Pape Ave","SEMANS","SK","S0A 3S0"
"44","Bin, Enoch","Enoch","Bin","4/8/2000 12:00:00 AM","male","3465 Toy Avenue","REGINA","SK","S4X 2R9"
"45","Churchman, Ramona","Ramona","Churchman","9/10/2000 12:00:00 AM","female","4790 Paris St","MOOSE JAW","SK","S6H 7G7"
"46","Elvin, Eugene","Eugene","Elvin","6/8/2003 12:00:00 AM","male","3936 40th Street","MOOSE JAW","SK","S6H 2S5"
"47","Carr, Margurite","Margurite","Carr","3/19/2003 12:00:00 AM","female","2228 Brand Road","WEYBURN","SK","S4H 2V3"
"48","Santmyer, Beverly","Beverly","Santmyer","9/17/2003 12:00:00 AM","female","1454 Robson St","PRINCE ALBERT","SK","S6V 0P2"
"49","Pfoutz, Timothy","Timothy","Pfoutz","5/14/2001 12:00:00 AM","male","4284 Princess St","YORKTON","SK","S3N 2X3"
"50","Wollschlager, Amanda","Amanda","Wollschlager","6/17/2004 12:00:00 AM","female","4869 Roger Street","ESTEVAN","SK","S4A 1Z8"
"51","Cumby, Elizabeth","Elizabeth","Cumby","9/2/2000 12:00:00 AM","female","198 Brew Creek Rd","SASKATOON","SK","S7J 2R7"
"52","Degennaro, Winona","Winona","Degennaro","11/9/1999 12:00:00 AM","female","4102 Orenda Rd","WEYBURN","SK","S4H 0Y2"
"53","Neuberger, Julio","Julio","Neuberger","7/30/2000 12:00:00 AM","male","4581 Jones Road","SASKATOON","SK","S7H 0E2"
"54","Salte, Don","Don","Salte","11/13/2002 12:00:00 AM","male","4688 Central Pkwy","SASKATOON","SK","S7L 3R6"
"55","Nicanor, Dennis","Dennis","Nicanor","6/29/2003 12:00:00 AM","male","2230 Scarth Street","TESSIER","SK","S0L 3G0"
"56","Kuang, Lionel","Lionel","Kuang","4/12/2003 12:00:00 AM","male","1655 Sixth Street","SASKATOON","SK","S7H 4T6"
"57","Mamros, Harry","Harry","Mamros","7/19/2003 12:00:00 AM","male","4803 Merivale Road","SASKATOON","SK","S7K 3J9"
"58","Hake, Jason","Jason","Hake","8/29/2002 12:00:00 AM","male","1452 Ste. Catherine Ouest","MACOUN","SK","S0C 1P0"
"59","Wetterauer, Raymond","Raymond","Wetterauer","2/18/2001 12:00:00 AM","male","1598 rue Parc","REYMORE","SK","S0A 3J0"
"60","Boehlar, Timothy","Timothy","Boehlar","8/8/2000 12:00:00 AM","male","3998 René-Lévesque Blvd","PRINCE ALBERT","SK","S6V 6J3"
"61","Serasio, Jacob","Jacob","Serasio","1/6/2004 12:00:00 AM","male","4148 Eglinton Avenue","ESTEVAN","SK","S4A 0H4"
"62","Gaynor, Rosa","Rosa","Gaynor","10/3/2003 12:00:00 AM","female","983 Port Washington Road","ESTEVAN","SK","S4A 1Z8"
"63","Michalowski, Barbara","Barbara","Michalowski","3/22/2001 12:00:00 AM","female","4409 102nd Avenue","SASKATOON","SK","S7T 0C1"
"64","Draeger, Craig","Craig","Draeger","11/28/2003 12:00:00 AM","male","4244 Fourth Avenue","PRINCE ALBERT","SK","S6V 0S4"
"65","Pelto, Garfield","Garfield","Pelto","2/24/2003 12:00:00 AM","male","4513 Reserve St","MOOSE JAW","SK","S6H 1T2"
"66","Arbogast, Thomas","Thomas","Arbogast","8/11/1999 12:00:00 AM","male","2078 Roger Street","HUDSAON BAY","SK","S0E 0Y0"
"67","Gilberg, Judith","Judith","Gilberg","3/30/2004 12:00:00 AM","female","1448 Fallon Drive","MOOSE JAW","SK","S6H 2Z5"
"68","Poppell, Kathy","Kathy","Poppell","12/9/2003 12:00:00 AM","female","2665 rue des Églises Est","MOOSE JAW","SK","S6J 1G1"
"69","Swiger, Ruthie","Ruthie","Swiger","7/31/2000 12:00:00 AM","female","3853 Princess St","SASKATOON","SK","S7L 5B6"
"70","Lucus, Christopher","Christopher","Lucus","1/12/2001 12:00:00 AM","male","3905 Gorham Street","PRINCE ALBERT","SK","S6V 3W5"
"71","Smittle, Keith","Keith","Smittle","3/16/2003 12:00:00 AM","male","3677 rue Garneau","PRINCE ALBERT","SK","S6V 2N9"
"72","Nair, Richard","Richard","Nair","12/18/2002 12:00:00 AM","male","2369 George Street","LLOYDMINSTER","SK","S9V 0Y1"
"73","Mulvihill, Anjanette","Anjanette","Mulvihill","7/14/2000 12:00:00 AM","female","270 Port Washington Road","MOOSE JAW","SK","S6H 0Y5"
"74","Mynatt, Donnie","Donnie","Mynatt","7/20/2000 12:00:00 AM","male","71 Parkdale Ave","ESTEVAN","SK","S4A 2N5"
"75","Ailshire, Donald","Donald","Ailshire","6/26/2001 12:00:00 AM","male","67 Queens Sq","REGINA","SK","S4N 2L5"
"76","Garciamendez, Brian","Brian","Garciamendez","12/3/2002 12:00:00 AM","male","4687 184th Street","SASKATOON","SK","S7M 0P2"
"77","Markowicz, Bobby","Bobby","Markowicz","3/24/2004 12:00:00 AM","male","2190 Weir Crescent","SWIFT CURRENT","SK","S9H 2Z4"
"78","Longacre, Scott","Scott","Longacre","10/6/1999 12:00:00 AM","male","74 9th Ave","MOOSE JAW","SK","S6J 1C5"
"79","Span, Vera","Vera","Span","10/2/1999 12:00:00 AM","female","4726 Tycos Dr","FORT QU'APPELLE","SK","S0G 1S0"
"80","Lemon, Kevin","Kevin","Lemon","2/18/2003 12:00:00 AM","male","1176 Barton Street","SASKATOON","SK","S7M 5V8"
"81","Alcala, Crystal","Crystal","Alcala","3/10/2003 12:00:00 AM","female","83 Acton Avenue","REGINA","SK","S4S 6P5"
"82","Lora, Benjamin","Benjamin","Lora","1/24/2000 12:00:00 AM","male","4966 Elgin Street","REGINA","SK","S4S 3C6"
"83","Holtzinger, Seth","Seth","Holtzinger","2/4/2000 12:00:00 AM","male","4448 Sixth Street","REGINA","SK","S4K 0A3"
"84","Kamphoefner, Diana","Diana","Kamphoefner","4/28/2001 12:00:00 AM","female","2093 Pine Street","SWIFT CURRENT","SK","S9H 2R8"
"85","Moctezuma, Keith","Keith","Moctezuma","12/26/2002 12:00:00 AM","male","2486 Heritage Drive","MOOSE JAW","SK","S6H 5L3"
"86","Auslam, Rochelle","Rochelle","Auslam","3/2/2003 12:00:00 AM","female","3093 rue des Églises Est","PRINCE ALBERT","SK","S6V 0L4"
"87","Hanks, Richard","Richard","Hanks","4/8/2000 12:00:00 AM","male","4199 Wascana Parkway","PRINCE ALBERT","SK","S6V 2V5"
"88","Putterman, Jay","Jay","Putterman","10/15/2000 12:00:00 AM","male","640 Halsey Avenue","SASKATOON","SK","S7L 4Y9"
"89","Andrade, Jacob","Jacob","Andrade","3/24/2001 12:00:00 AM","male","1024 Granville St","SASKATOON","SK","S7L 2T7"
"90","Freyre, Paul","Paul","Freyre","7/31/2000 12:00:00 AM","male","336 Charleton Ave","HUMBOLDT","SK","S0K 2P0"
"91","Crudele, John","John","Crudele","2/18/2003 12:00:00 AM","male","1750 Bay Street","SASKATOON","SK","S7N 0B8"
"92","Gourdin, Barbara","Barbara","Gourdin","5/9/2004 12:00:00 AM","female","3520 Tycos Dr","REGINA","SK","S4T 6A9"
"93","Higgins, Mildred","Mildred","Higgins","7/12/2003 12:00:00 AM","female","4128 9th Avenue","ANNAHEIM","SK","S0K 0G0"
"94","Cohen, Zackary","Zackary","Cohen","7/27/1999 12:00:00 AM","male","1557 Port Washington Road","PRINCE ALBERT","SK","S6V 7T1"
"95","Newborn, Raymond","Raymond","Newborn","6/15/2001 12:00:00 AM","male","1395 1st Ave","NORTH BATTLEFORD","SK","S9A 2J5"
"96","Strutz, Diana","Diana","Strutz","2/20/2003 12:00:00 AM","female","1564 Thurston Dr","LOREBURN","SK","S0H 2S0"
"97","Fluetsch, Samatha","Samatha","Fluetsch","10/17/2003 12:00:00 AM","female","2464 Burdett Avenue","SPY HILL","SK","S0A 3W0"
"98","Robillard, Michael","Michael","Robillard","9/13/2002 12:00:00 AM","male","682 Alaska Hwy","WEYBURN","SK","S4H 1C6"
"99","Andrus, Joe","Joe","Andrus","11/12/1999 12:00:00 AM","male","4380 Essendene Avenue","SOUTHEY","SK","S0G 4P0"
"100","Dalton, Jose","Jose","Dalton","3/9/2003 12:00:00 AM","male","3126 rue Garneau","SASKATOON","SK","S7J 2L6"
"101","Brahmbhatt, Lorelei","Lorelei","Brahmbhatt","4/26/2004 12:00:00 AM","female","1392 Bloor Street","PRINCE ALBERT","SK","S6V 0T4"
"102","Gatica, Ray","Ray","Gatica","9/3/2003 12:00:00 AM","male","980 Halsey Avenue","REGINA","SK","S4X 2X2"
"103","Urban, Martin","Martin","Urban","6/3/2004 12:00:00 AM","male","4371 Dominion St","WEYBURN","SK","S4H 2T1"
"104","Heinrich, James","James","Heinrich","2/2/2003 12:00:00 AM","male","1800 White Point Road","SASKATOON","SK","S7N 1G7"
"105","Kimbrough, Larry","Larry","Kimbrough","5/22/2003 12:00:00 AM","male","3629 Speers Road","MOOSE JAW","SK","S6J 1B3"
"106","Christianson, David","David","Christianson","6/13/2004 12:00:00 AM","male","2606 Reserve St","MOOSE JAW","SK","S6H 1J4"
"107","Difatta, Ross","Ross","Difatta","11/4/2002 12:00:00 AM","male","4395 40th Street","WEYBURN","SK","S4H 3T9"
"108","Dederich, Robert","Robert","Dederich","6/12/2001 12:00:00 AM","male","766 Jasper Ave","REGINA","SK","S4X 2Y8"
"109","Hurst, Barton","Barton","Hurst","1/19/2000 12:00:00 AM","male","2490 Weston Rd","NORTH BATTLEFORD","SK","S9A 2C8"
"110","Kufahl, Mervin","Mervin","Kufahl","4/12/2003 12:00:00 AM","male","830 rue Levy","REGINA","SK","S4X 2J7"
"111","Bridenstine, John","John","Bridenstine","11/3/2003 12:00:00 AM","male","1984 rue Principale","SASKATOON","SK","S7J 1P8"
"112","Cawvey, Dee","Dee","Cawvey","2/21/2001 12:00:00 AM","female","2364 St Jean Baptiste St","PRINCE ALBERT","SK","S6V 8B8"
"113","Bringman, Willie","Willie","Bringman","3/7/2004 12:00:00 AM","male","4323 Haaglund Rd","YORKTON","SK","S3N 2P2"
"114","Holton, Richard","Richard","Holton","8/4/1999 12:00:00 AM","male","228 Victoria Park Ave","LUSELAND","SK","X0X 0X0"
"115","Bingle, Matthew","Matthew","Bingle","7/2/1999 12:00:00 AM","male","2915 Charing Cross Rd","PRINCE ALBERT","SK","S6V 1A6"
"116","Klein, James","James","Klein","2/3/2003 12:00:00 AM","male","900 Victoria Park Ave","MOOSE JAW","SK","S6J 1G2"
"117","Omeragic, Bryan","Bryan","Omeragic","1/5/2003 12:00:00 AM","male","4832 Sunset Ln","SWIFT CURRENT","SK","S9H 1B2"
"118","Hazel, Sebrina","Sebrina","Hazel","1/7/2004 12:00:00 AM","female","2994 Brew Creek Rd","WEYBURN","SK","S4H 0Z8"
"119","Ediger, Tiffany","Tiffany","Ediger","1/8/2001 12:00:00 AM","female","1915 avenue Royale","ESTEVAN","SK","S4A 0B8"
"120","Hawks, Carl","Carl","Hawks","3/1/2004 12:00:00 AM","male","2261 Burnt Island Road","REGINA","SK","S4S 3C6"
"121","Rohrbaugh, Helen","Helen","Rohrbaugh","5/25/2002 12:00:00 AM","female","3602 Leduc Street","SWIFT CURRENT","SK","S9H 2X6"
"122","Kirklin, Scott","Scott","Kirklin","6/26/2005 12:00:00 AM","male","885 Park Ct","SPRINGWATER","SK","S0K 4E0"
"123","Rivera, Jorge","Jorge","Rivera","5/25/2004 12:00:00 AM","male","804 Adelaide St","REGINA","SK","S4S 0S3"
"124","Clark, Charles","Charles","Clark","8/6/2001 12:00:00 AM","male","1922 Tanner Street","PRINCE ALBERT","SK","S6V 1B8"
"125","Relyea, John","John","Relyea","5/23/2004 12:00:00 AM","male","3284 Richmond Street","ROBSART","SK","S0N 2G0"
"126","Ketterman, Christopher","Christopher","Ketterman","2/19/2001 12:00:00 AM","male","4624 Robson St","WEYBURN","SK","S4H 2X5"
"127","Olea, Joseph","Joseph","Olea","11/8/2004 12:00:00 AM","male","1398 Isabella Street","SASKATOON","SK","S7H 0K4"
"128","Brantner, Deborah","Deborah","Brantner","1/23/2005 12:00:00 AM","female","1786 Granville St","WEYBURN","SK","S4H 2Z5"
"129","Liao, Edgar","Edgar","Liao","7/17/2003 12:00:00 AM","male","341 Nootka Street","WEYBURN","SK","S4H 0S3"
"130","Vince, Michael","Michael","Vince","2/27/2005 12:00:00 AM","male","685 White Point Road","PRINCE ALBERT","SK","S6V 1S5"
"131","Engelson, Lynn","Lynn","Engelson","8/6/2000 12:00:00 AM","female","366 Saskatchewan Ave","PRINCE ALBERT","SK","S6V 0H8"
"132","Chitty, Melissa","Melissa","Chitty","9/25/2000 12:00:00 AM","female","3971 Elgin Street","REGINA","SK","S4N 7L1"
"133","Lebold, Brian","Brian","Lebold","7/2/2000 12:00:00 AM","male","3703 Bloor Street","SASKATOON","SK","S7P 1C4"
"134","Acimovic, Ronald","Ronald","Acimovic","10/26/2000 12:00:00 AM","male","2801 Brew Creek Rd","SASKATOON","SK","S7L 3V7"
"135","Hintze, Ronnie","Ronnie","Hintze","6/20/2005 12:00:00 AM","male","1347 Nelson Street","MOOSE JAW","SK","S6H 3H8"
"136","Waters, Kim","Kim","Waters","1/6/2004 12:00:00 AM","female","3446 Exmouth Street","REGINA","SK","S4S 0V9"
"137","Jinright, Norman","Norman","Jinright","7/15/2000 12:00:00 AM","male","1153 Rue De La Gare","MOOSE JAW","SK","S6H 6T5"
"138","Findley, Mary","Mary","Findley","1/7/2004 12:00:00 AM","female","177 Bloor Street","WAKAW","SK","S0K 4P0"
"139","Fenstermaker, Jennifer","Jennifer","Fenstermaker","8/8/2001 12:00:00 AM","female","1717 Blanshard","WEYBURN","SK","S4H 0G9"
"140","Steeves, Kimberly","Kimberly","Steeves","2/8/2004 12:00:00 AM","female","1426 Keith Road","PRINCE ALBERT","SK","S6V 0C3"
"141","Liljegren, Susan","Susan","Liljegren","8/20/2004 12:00:00 AM","female","2190 Boulevard Cremazie","YORKTON","SK","S3N 2P2"
"142","Luedtke, Armando","Armando","Luedtke","5/19/2002 12:00:00 AM","male","2119 Barrydowne Road","PRINCE ALBERT","SK","S6V 1Y4"
"143","Touchette, Julia","Julia","Touchette","7/21/2003 12:00:00 AM","female","1331 Lynden Road","SMEATON","SK","S0J 2G0"
"144","Fortney, Chadwick","Chadwick","Fortney","3/11/2005 12:00:00 AM","male","385 Mill Street","SASKATOON","SK","S7J 3J1"
"145","Tanji, Eleanor","Eleanor","Tanji","12/7/2003 12:00:00 AM","female","3865 Bridgeport Rd","CANORA","SK","S0A 1S0"
"146","Phelp, Michael","Michael","Phelp","12/1/2000 12:00:00 AM","male","1273 Richford Road","SALTCOATS","SK","S0A 3R0"
"147","Sabatelli, Al","Al","Sabatelli","8/8/2003 12:00:00 AM","male","182 Tchesinkut Lake Rd","TURTLEFORD","SK","S0M 2Y0"
"148","Eley, Raymond","Raymond","Eley","9/8/2003 12:00:00 AM","male","4194 Tycos Dr","REGINA","SK","S4R 7M3"
"149","Wedel, Long","Long","Wedel","10/29/2003 12:00:00 AM","male","1347 Main St","SASKATOON","SK","S7M 4R3"
"150","Kenon, Ethel","Ethel","Kenon","8/11/2000 12:00:00 AM","female","4699 George Street","NORTH BATTLEFORD","SK","S9A 3W4"
"151","Korn, Amanda","Amanda","Korn","10/18/2004 12:00:00 AM","female","821 Lynden Road","REGINA","SK","S4N 1T7"
"152","Martinson, Eric","Eric","Martinson","1/23/2005 12:00:00 AM","male","3399 Heatherleigh","SASKATOON","SK","S7N 4R8"
"153","Hoss, David","David","Hoss","9/1/2003 12:00:00 AM","male","4664 Brant Ave","MOOSE JAW","SK","S6H 2Z4"
"154","Dobbs, Stephen","Stephen","Dobbs","11/10/2001 12:00:00 AM","male","1675 Eglinton Avenue","WEYBURN","SK","S4H 1N8"
"155","Brusser, Clara","Clara","Brusser","5/11/2001 12:00:00 AM","female","4186 Harvest Moon Dr","REGINA","SK","S4V 0H6"
"156","Webbink, Leonard","Leonard","Webbink","9/17/2004 12:00:00 AM","male","3407 Embro St","SASKATOON","SK","S7H 0Z3"
"157","Bukowski, Nancy","Nancy","Bukowski","4/14/2002 12:00:00 AM","female","3222 Côte Joyeuse","SASKATOON","SK","S7K 7H8"
"158","Almon, Ivan","Ivan","Almon","4/5/2004 12:00:00 AM","male","3737 Sheppard Ave","SASKATOON","SK","S7V 1A1"
"159","Brannan, Lisa","Lisa","Brannan","7/11/2003 12:00:00 AM","female","1799 A Avenue","MOOSE JAW","SK","S6H 3W7"
"160","Ealy, Paul","Paul","Ealy","11/10/2001 12:00:00 AM","male","1213 Boulevard Cremazie","ESTEVAN","SK","S4A 2B7"
"161","Lauterbach, Rodney","Rodney","Lauterbach","6/18/2001 12:00:00 AM","male","4445 Granville St","SASKATOON","SK","S7J 2C1"
"162","Falter, Charles","Charles","Falter","6/6/2005 12:00:00 AM","male","592 Charleton Ave","SASKATOON","SK","S7K 5S6"
"163","Brickley, Kassandra","Kassandra","Brickley","12/3/2000 12:00:00 AM","female","2759 Tanner Street","WEYBURN","SK","S4H 1Z3"
"164","Ayers, James","James","Ayers","6/16/2002 12:00:00 AM","male","2917 A Avenue","REGINA","SK","S4S 4R3"
"165","Jeffords, Gabriella","Gabriella","Jeffords","2/20/2004 12:00:00 AM","female","4817 Brand Road","LA RONGE","SK","S0J 1C0"
"166","Balfe, Horace","Horace","Balfe","6/18/2004 12:00:00 AM","male","993 Gateway Blvd","MOOSE JAW","SK","S6H 1B4"
"167","Maggard, Michael","Michael","Maggard","2/4/2005 12:00:00 AM","male","2834 Brew Creek Rd","PRINCE ALBERT","SK","S6V 1Y3"
"168","Przybylski, James","James","Przybylski","8/26/2000 12:00:00 AM","male","3789 Paris St","MOOSE JAW","SK","S6H 3W7"
"169","Jedlicka, Charles","Charles","Jedlicka","4/7/2004 12:00:00 AM","male","3811 rue Saint-Antoine","SASKATOON","SK","S7M 4Z2"
"170","Jore, Alex","Alex","Jore","11/19/2004 12:00:00 AM","male","3499 Bank St","PAMBRUN","SK","S0N 1W0"
"171","Snow, Stephanie","Stephanie","Snow","11/17/2004 12:00:00 AM","female","4857 Murray Road","REGINA","SK","S4X 4L4"
"172","Smythe, Lewis","Lewis","Smythe","7/11/2003 12:00:00 AM","male","3313 Bloor Street","REGINA","SK","S4R 4P4"
"173","Luketic, Andrew","Andrew","Luketic","5/28/2005 12:00:00 AM","male","1380 Harvest Moon Dr","REGINA","SK","S4P 3A1"
"174","Fennell, Johnny","Johnny","Fennell","11/4/2001 12:00:00 AM","male","867 Boulevard Laflèche","REGINA","SK","S4R 5W3"
"175","Adelson, Matthew","Matthew","Adelson","2/1/2001 12:00:00 AM","male","3385 Port Washington Road","SWIFT CURRENT","SK","S9H 4S1"
"176","Tebeau, Desiree","Desiree","Tebeau","3/13/2001 12:00:00 AM","female","4221 Derry Rd","STONEHENGE","SK","S0H 3Y0"
"177","Tippett, James","James","Tippett","4/5/2002 12:00:00 AM","male","4537 Jasper Ave","PRINCE ALBERT","SK","S6V 0B6"
"178","Kreider, Edgar","Edgar","Kreider","12/26/2000 12:00:00 AM","male","2324 avenue Royale","SASKATOON","SK","S7H 5P9"
"179","McFee, Todd","Todd","McFee","1/29/2002 12:00:00 AM","male","4059 Pape Ave","REGINA","SK","S4P 2K2"
"180","Delangel, Barbara","Barbara","Delangel","3/6/2005 12:00:00 AM","female","3080 Nelson Street","MOOSE JAW","SK","S6H 4Y8"
"181","Glaspie, Jack","Jack","Glaspie","7/17/2004 12:00:00 AM","male","941 Adelaide St","SASKATOON","SK","S7H 4Y8"
"182","Ellicott, Jack","Jack","Ellicott","4/5/2005 12:00:00 AM","male","2347 Bay Street","SASKATOON","SK","S7H 1N3"
"183","Coronel, Charles","Charles","Coronel","10/19/2003 12:00:00 AM","male","4191 rue Garneau","ESTEVAN","SK","S4A 1E5"
"184","Champlin, Chris","Chris","Champlin","5/17/2004 12:00:00 AM","male","40 Scotchmere Dr","REGINA","SK","S4Y 1G6"
"185","Schwartzman, Scott","Scott","Schwartzman","7/9/2004 12:00:00 AM","male","4467 Hardy Street","MOOSE JAW","SK","S6H 3E2"
"186","Montgonery, Joseph","Joseph","Montgonery","4/24/2004 12:00:00 AM","male","1738 St. John Street","MOOSE JAW","SK","S6H 6X6"
"187","Claypool, Alan","Alan","Claypool","7/5/2004 12:00:00 AM","male","2250 Ste. Catherine Ouest","REGINA","SK","S4T 6K9"
"188","Bohnstedt, Angie","Angie","Bohnstedt","2/3/2004 12:00:00 AM","female","35 Exmouth Street","SASKATOON","SK","S7K 3A1"
"189","McFarland, Barb","Barb","McFarland","6/19/2005 12:00:00 AM","female","1123 Ste. Catherine Ouest","SWIFT CURRENT","SK","S9H 3Y3"
"190","Coello, Diane","Diane","Coello","8/17/2004 12:00:00 AM","female","1733 Queen Elizabeth Boulevard","SASKATOON","SK","S7K 5N8"
"191","Loughry, Stacy","Stacy","Loughry","4/17/2005 12:00:00 AM","female","1823 René-Lévesque Blvd","SWIFT CURRENT","SK","S9H 2X6"
"192","Rabi, Marianne","Marianne","Rabi","1/4/2005 12:00:00 AM","female","4990 Burnt Island Road","ESTEVAN","SK","S4A 1Y5"
"193","Fullerton, Gary","Gary","Fullerton","5/25/2001 12:00:00 AM","male","1469 St. Paul Street","NORTH BATTLEFORD","SK","S9A 3H1"
"194","Vandegrift, Rodney","Rodney","Vandegrift","6/17/2005 12:00:00 AM","male","87 Nelson Street","SWIFT CURRENT","SK","S9H 2V4"
"195","Cropsey, Michael","Michael","Cropsey","3/12/2002 12:00:00 AM","male","4090 Rue King","ESTEVAN","SK","S4A 0Y1"
"196","Whitelightnin, Charles","Charles","Whitelightnin","7/12/2003 12:00:00 AM","male","4347 Baker Street","SASKATOON","SK","S7T 0G5"
"197","Riojas, Sharon","Sharon","Riojas","2/19/2002 12:00:00 AM","female","1124 Goyeau Ave","REGINA","SK","S4S 6Y8"
"198","Mumaw, Donna","Donna","Mumaw","1/1/2004 12:00:00 AM","female","1976 Galts Ave","MOOSE JAW","SK","S6H 3S4"
"199","Aamodt, George","George","Aamodt","12/23/2003 12:00:00 AM","male","2572 chemin Saint-Ignace","NORTH BATTLEFORD","SK","S9A 1T7"
"200","Alpern, Darren","Darren","Alpern","8/27/2004 12:00:00 AM","male","1301 Yoho Valley Road","MOOSE JAW","SK","S6H 4R3"
"201","Tomita, Trenton","Trenton","Tomita","11/30/2000 12:00:00 AM","male","76 Islington Ave","MEADOW LAKE","SK","S9X 1A5"
"202","Bennett, Donald","Donald","Bennett","3/11/2004 12:00:00 AM","male","1297 Bank St","MEADOW LAKE","SK","S9X 1K2"
"203","Seawright, Thomas","Thomas","Seawright","8/1/2001 12:00:00 AM","male","744 St Marys Rd","VISCOUNT","SK","X0X 0X0"
"204","McNiel, Clint","Clint","McNiel","1/27/2005 12:00:00 AM","male","3732 Eglinton Avenue","MOOSE JAW","SK","S6H 8B7"
"205","Schlenker, Coleman","Coleman","Schlenker","1/22/2002 12:00:00 AM","male","4855 Beaver Creek","INDIAN HEAD","SK","X0X 0X0"
"206","Guajardo, Lance","Lance","Guajardo","3/29/2005 12:00:00 AM","male","4297 St Jean Baptiste St","SASKATOON","SK","S7K 0N5"
"207","Pruneda, James","James","Pruneda","12/27/2000 12:00:00 AM","male","1691 137th Avenue","PRINCE ALBERT","SK","S6V 1Y7"
"208","Temple, Kevin","Kevin","Temple","8/17/2001 12:00:00 AM","male","397 Papineau Avenue","WEYBURN","SK","S4H 3M3"
"209","Hoff, Kimberly","Kimberly","Hoff","2/23/2004 12:00:00 AM","female","1767 Cork St","SASKATOON","SK","S7H 5A6"
"210","Pinkham, Steven","Steven","Pinkham","6/14/2001 12:00:00 AM","male","3265 Barrydowne Road","SASKATOON","SK","S7T 1E1"
"211","Stalnaker, Charles","Charles","Stalnaker","7/2/2004 12:00:00 AM","male","318 Tycos Dr","ZEALANDIA","SK","S0L 3N0"
"212","Ardinger, Michael","Michael","Ardinger","4/29/2005 12:00:00 AM","male","4550 Nootka Street","REGINA","SK","S4R 2A9"
"213","Kerins, Ryan","Ryan","Kerins","8/12/2001 12:00:00 AM","male","1320 St. John Street","YORKTON","SK","S3N 2J8"
"214","Aris, Robert","Robert","Aris","10/2/2003 12:00:00 AM","male","1302 Tycos Dr","WEYBURN","SK","S4H 2P5"
"215","Cardosi, John","John","Cardosi","1/10/2005 12:00:00 AM","male","3602 Hyde Park Road","SASKATOON","SK","S7K 7Y7"
"216","Riggenbach, Edgar","Edgar","Riggenbach","11/5/2004 12:00:00 AM","male","4036 Goyeau Ave","SASKATOON","SK","S7L 5H9"
"217","Bacorn, Gertrude","Gertrude","Bacorn","1/29/2002 12:00:00 AM","female","2325 Birkett Lane","MOOSE JAW","SK","S6J 1A3"
"218","Arkwright, Karen","Karen","Arkwright","11/20/2000 12:00:00 AM","female","2535 137th Avenue","CARROT RIVER","SK","S0E 0L0"
"219","Nantanapibul, Patricia","Patricia","Nantanapibul","3/28/2002 12:00:00 AM","female","697 Halsey Avenue","YORKTON","SK","S4N 0N5"
"220","Spueler, Saul","Saul","Spueler","4/1/2005 12:00:00 AM","male","488 St. John Street","SASKATOON","SK","S7M 5E9"
"221","Fofana, Nancy","Nancy","Fofana","11/16/2000 12:00:00 AM","female","655 Pearl Street","CODETTE","SK","S0E 0P0"
"222","Maltese, Holly","Holly","Maltese","7/13/2003 12:00:00 AM","female","3192 Benton Street","REGINA","SK","S4V 1M1"
"223","Riad, Sandy","Sandy","Riad","5/7/2004 12:00:00 AM","female","4456 Brand Road","PRINCE ALBERT","SK","S6V 4B9"
"224","Garrison, William","William","Garrison","10/3/2003 12:00:00 AM","male","2336 Yoho Valley Road","MOOSE JAW","SK","S6H 1X7"
"225","McMutry, Bruce","Bruce","McMutry","3/27/2005 12:00:00 AM","male","4350 Hammarskjold Dr","SASKATOON","SK","S7L 1T8"
"226","Keever, Donald","Donald","Keever","2/28/2002 12:00:00 AM","male","3993 Orenda Rd","SWIFT CURRENT","SK","S9H 2A6"
"227","Woodbridge, Gabriela","Gabriela","Woodbridge","8/29/2003 12:00:00 AM","female","1302 Brand Road","NORTH BATTLEFORD","SK","S9A 0L1"
"228","Norwick, Leonard","Leonard","Norwick","5/2/2001 12:00:00 AM","male","2171 Nelson Street","ESTEVAN","SK","S4A 2H3"
"229","Wieto, Ethan","Ethan","Wieto","11/18/2003 12:00:00 AM","male","4808 49th Avenue","SASKATOON","SK","S7L 3R7"
"230","Vanacore, Joseph","Joseph","Vanacore","5/24/2004 12:00:00 AM","male","2007 Jasper Avenue","REGINA","SK","S4R 8J5"
"231","Williford, Charles","Charles","Williford","3/4/2001 12:00:00 AM","male","4234 Eglinton Avenue","SASKATOON","SK","S7J 9G8"
"232","Charco, Carl","Carl","Charco","10/6/2003 12:00:00 AM","male","4435 Danforth Avenue","PRINCE ALBERT","SK","S6V 6K6"
"233","Revolorio, Herbert","Herbert","Revolorio","11/13/2003 12:00:00 AM","male","4146 Rose Street","MOOSE JAW","SK","S6H 4P9"
"234","Staszak, Jerry","Jerry","Staszak","2/23/2002 12:00:00 AM","male","3490 Burdett Avenue","REGINA","SK","S4R 3R4"
"235","Spruill, Michael","Michael","Spruill","4/29/2005 12:00:00 AM","male","3679 Brand Road","MAPLE CREEK","SK","S0N 1N0"
"236","Badders, Cindy","Cindy","Badders","11/24/2000 12:00:00 AM","female","2124 Haaglund Rd","REGINA","SK","S4X 4K7"
"237","Carballo, Clifton","Clifton","Carballo","11/3/2001 12:00:00 AM","male","763 Brant Ave","SASKATOON","SK","S7M 3W3"
"238","Houlihan, Scott","Scott","Houlihan","10/27/2001 12:00:00 AM","male","354 Essendene Avenue","YORKTON","SK","S3N 2Z8"
"239","Goodloe, Charlie","Charlie","Goodloe","2/7/2005 12:00:00 AM","male","135 Acton Avenue","MOOSE JAW","SK","S6H 3C5"
"240","Tews, William","William","Tews","1/25/2004 12:00:00 AM","male","576 Toy Avenue","REGINA","SK","S4P 3A8"
"241","Pozzobon, Eric","Eric","Pozzobon","6/16/2002 12:00:00 AM","male","1722 Davis Drive","SWIFT CURRENT","SK","S9H 2E5"
"242","Perona, Greg","Greg","Perona","4/11/2001 12:00:00 AM","male","4811 Queens Sq","ESTEVAN","SK","S4A 0J9"
"243","Driscol, Sylvia","Sylvia","Driscol","5/7/2002 12:00:00 AM","female","111 rue Levy","ESTEVAN","SK","S4A 0Y1"
"244","Graw, Zachary","Zachary","Graw","5/19/2005 12:00:00 AM","male","3060 184th Street","SASKATOON","SK","S7T 0J1"
"245","Blume, Eddie","Eddie","Blume","9/5/2001 12:00:00 AM","male","3927 St Jean Baptiste St","CREIGHTON","SK","S0P 0A0"
"246","Jamison, Matthew","Matthew","Jamison","5/11/2004 12:00:00 AM","male","1742 Jasper Ave","MOOSE JAW","SK","S6H 4B5"
"247","Phillps, Jacqueline","Jacqueline","Phillps","2/3/2004 12:00:00 AM","female","1979 Bayfield St","PRINCE ALBERT","SK","S6V 0W1"
"248","Godi, Ronald","Ronald","Godi","5/19/2001 12:00:00 AM","male","890 Venture Place","WEYBURN","SK","S4H 2L1"
"249","Khoury, Pamela","Pamela","Khoury","9/7/2004 12:00:00 AM","female","3540 Lynden Road","OUTLOOK","SK","S0X 0X0"
"250","Bush, Robert","Robert","Bush","8/6/2004 12:00:00 AM","male","3464 Leslie Street","REGINA","SK","S4V 2W5"
"251","Pavella, Lee","Lee","Pavella","11/24/2000 12:00:00 AM","female","4806 James Street","LA FLECHE","SK","S0H 2K0"
"252","Sarkar, John","John","Sarkar","6/27/2002 12:00:00 AM","male","235 Dominion St","WEYBURN","SK","S4H 0H9"
"253","Muresan, Cynthia","Cynthia","Muresan","4/29/2001 12:00:00 AM","female","4671 Riedel Street","ESTEVAN","SK","S4A 1X2"
"254","Collyer, Odell","Odell","Collyer","1/11/2005 12:00:00 AM","male","1568 Tycos Dr","SASKATOON","SK","S7J 2W5"
"255","Shevlin, Doyle","Doyle","Shevlin","6/10/2004 12:00:00 AM","male","1170 Sixth Street","MOOSE JAW","SK","S6H 5N9"
"256","Furth, Brenda","Brenda","Furth","3/25/2004 12:00:00 AM","female","3104 George Street","REGINA","SK","S4T 7N9"
"257","Lundie, Jacob","Jacob","Lundie","4/18/2002 12:00:00 AM","male","276 St Jean Baptiste St","YORKTON","SK","S0X 0X0"
"258","Husby, Mary","Mary","Husby","8/9/2003 12:00:00 AM","female","4931 River Street","PAMBRUN","SK","S0N 1W0"
"259","Spayde, Lucy","Lucy","Spayde","11/26/2001 12:00:00 AM","female","1330 Nelson Street","MOOSE JAW","SK","S6H 4K4"
"260","McFerrin, Daphne","Daphne","McFerrin","2/23/2004 12:00:00 AM","female","506 Brant Ave","SWIFT CURRENT","SK","S9H 4H7"
"261","Stanczyk, Patricia","Patricia","Stanczyk","1/26/2004 12:00:00 AM","female","873 Manitoba Street","REGINA","SK","S4S 3X5"
"262","Candell, Ruth","Ruth","Candell","7/14/2000 12:00:00 AM","female","1730 King Street","WEYBURN","SK","S4H 2Y1"
"263","Harbinson, Todd","Todd","Harbinson","4/25/2001 12:00:00 AM","male","3470 Wallbridge Loyalist Rd","REGINA","SK","S4R 7M5"
"264","Leaverton, Brenda","Brenda","Leaverton","7/30/2000 12:00:00 AM","female","1640 Rustico Road","FIFE LAKE","SK","S0H 1N0"
"265","Cofrancesco, Janet","Janet","Cofrancesco","2/13/2005 12:00:00 AM","female","927 Maria St","ST GREGOR","SK","S0K 3X0"
"266","Olea, Linda","Linda","Olea","12/7/2001 12:00:00 AM","female","3004 Ross Street","ESTEVAN","SK","S4A 1N5"
"267","Facchini, Melanie","Melanie","Facchini","4/6/2005 12:00:00 AM","female","220 7th Ave","MOOSE JAW","SK","S6H 0B3"
"268","Twyman, Tim","Tim","Twyman","11/28/2002 12:00:00 AM","male","3587 rue Levy","SASKATOON","SK","S7J 0X5"
"269","Kern, Paul","Paul","Kern","11/6/2001 12:00:00 AM","male","1592 Rose Street","REGINA","SK","S4X 3H3"
"270","Homrighaus, Billy","Billy","Homrighaus","8/8/2005 12:00:00 AM","male","2562 Ste. Catherine Ouest","SASKATOON","SK","S7N 0H2"
"271","Russotto, Barbara","Barbara","Russotto","12/4/2001 12:00:00 AM","female","3937 Bridgeport Rd","SASKATOON","SK","S7H 5A6"
"272","Plunk, Richard","Richard","Plunk","11/7/2004 12:00:00 AM","male","4960 Bank St","CONQUEST","SK","S0L"
"273","Neatherlin, Margaret","Margaret","Neatherlin","8/6/2004 12:00:00 AM","female","4654 Beaver Creek","PENNANT","SK","S0N 1X0"
"274","Wortham, Robert","Robert","Wortham","6/13/2006 12:00:00 AM","male","4966 90th Avenue","NORTH BATTLEFORD","SK","S9A 1N5"
"275","Greenstone, Ernest","Ernest","Greenstone","12/23/2005 12:00:00 AM","male","4468 Roger Street","ESTEVAN","SK","S4A 1V7"
"276","Wetch, Mary","Mary","Wetch","4/28/2003 12:00:00 AM","female","2810 rue Principale","REGINA","SK","S4R 6V6"
"277","Kunz, Sam","Sam","Kunz","1/29/2006 12:00:00 AM","male","3741 Merivale Road","MOOSE JAW","SK","S6H 5P3"
"278","Rankins, Jeffery","Jeffery","Rankins","11/2/2005 12:00:00 AM","male","1295 Tolmie St","ESTEVAN","SK","S4A 0M5"
"279","Espiridion, Barbara","Barbara","Espiridion","8/3/2004 12:00:00 AM","female","2757 Toy Avenue","MOOSE JAW","SK","S6H 3V3"
"280","Sporer, James","James","Sporer","3/5/2003 12:00:00 AM","male","4173 Cordova Street","DONAVON","SK","S0L 0W0"
"281","Kopke, Andrew","Andrew","Kopke","11/8/2004 12:00:00 AM","male","2705 90th Avenue","SASKATOON","SK","S7J 2R7"
"282","Mancos, Timothy","Timothy","Mancos","5/11/2005 12:00:00 AM","male","202 Blanshard","MOOSE JAW","SK","S6H 0Y5"
"283","Greenhalgh, Allen","Allen","Greenhalgh","4/4/2003 12:00:00 AM","male","4038 King Street","ANTLER","SK","S0C 0E0"
"284","Pelland, Alfred","Alfred","Pelland","9/23/2001 12:00:00 AM","male","4699 Ross Street","MOOSE JAW","SK","S6H 2A5"
"285","Nottage, Joyce","Joyce","Nottage","1/10/2003 12:00:00 AM","female","3443 Kinchant St","RAYMORE","SK","S0A 3J0"
"286","Camps, Fred","Fred","Camps","8/10/2002 12:00:00 AM","male","3390 St Jean Baptiste St","SASKATOON","SK","S7J 4Y4"
"287","Chindlund, William","William","Chindlund","3/12/2005 12:00:00 AM","male","2106 St-Jacques Est","SALTCOATS","SK","S0A 3R0"
"288","Sloup, Lucinda","Lucinda","Sloup","6/9/2005 12:00:00 AM","female","4804 Boulevard Cremazie","NORTH BATTLEFORD","SK","S9A 3W1"
"289","Sacco, Judith","Judith","Sacco","6/6/2003 12:00:00 AM","female","2008 Matheson St","REGINA","SK","S4N 1Y4"
"290","Kruse, George","George","Kruse","1/10/2002 12:00:00 AM","male","1908 Adelaide St","PRINCE ALBERT","SK","S6V 3R9"
"291","Fontana, Joshua","Joshua","Fontana","2/8/2005 12:00:00 AM","male","2253 Maynard Rd","SWIFT CURRENT","SK","S9H 0S5"
"292","Shiner, Joe","Joe","Shiner","6/12/2003 12:00:00 AM","male","11 Bay Street","WEBURN","SK","S4H 0V4"
"293","Made, William","William","Made","12/10/2005 12:00:00 AM","male","830 Adelaide St","SASKATOON","SK","S7K 6L8"
"294","Plankenhorn, Jason","Jason","Plankenhorn","6/30/2002 12:00:00 AM","male","2326 Bayfield St","MOOSE JAW","SK","S6H 6M1"
"295","Lopes, Robert","Robert","Lopes","5/11/2003 12:00:00 AM","male","1704 A Avenue","SASKATOON","SK","S7K 5S6"
"296","Jones, Michelle","Michelle","Jones","1/31/2006 12:00:00 AM","female","1757 Papineau Avenue","SASKATOON","SK","S7M 1K4"
"297","Lofaro, Thomas","Thomas","Lofaro","2/18/2003 12:00:00 AM","male","3780 11th Ave","MOOSE JAW","SK","S6H 7T7"
"298","Mendez, Roscoe","Roscoe","Mendez","4/2/2002 12:00:00 AM","male","1310 Acton Avenue","SASKATOON","SK","S7H 0Z9"
"299","Dustbringer, Jordan","Jordan","Dustbringer","9/29/2001 12:00:00 AM","male","1916 James Street","SASKATOON","SK","S7L 3E2"
"300","Cruztorres, Jason","Jason","Cruztorres","9/15/2004 12:00:00 AM","male","839 Haaglund Rd","FISKE","SK","S0L 1C0"
"301","Beaudin, Gail","Gail","Beaudin","11/18/2002 12:00:00 AM","female","2894 5th Avenue","NORTH BATTLEFORD","SK","S9A 2X4"
"302","Stracener, Francisca","Francisca","Stracener","11/20/2004 12:00:00 AM","female","4911 43rd Avenue","WEYBURN","SK","S4H 2Z9"
"303","Cannavo, William","William","Cannavo","3/11/2006 12:00:00 AM","male","3537 Carlson Road","SASKATOON","SK","S7J 0L2"
"304","Antonacci, Joseph","Joseph","Antonacci","9/11/2005 12:00:00 AM","male","4597 Fourth Avenue","BALWINTON","SK","S0M 0B0"
"305","Kraemer, Alan","Alan","Kraemer","9/23/2005 12:00:00 AM","male","3474 Nelson Street","SASKATOON","SK","S7H 0K4"
"306","Autrey, Herbert","Herbert","Autrey","8/5/2005 12:00:00 AM","male","4484 Quayside Dr","MOOSE JAW","SK","S6H 5M4"
"307","Molino, Debbie","Debbie","Molino","12/5/2001 12:00:00 AM","female","1159 Ross Terrasse","PRINCE ALBERT","SK","S6V 6A2"
"308","Elderidge, Franklin","Franklin","Elderidge","8/15/2005 12:00:00 AM","male","2201 rue des Champs","CANDLE LAKE","SK","S0J 3E0"
"309","Mathur, Richard","Richard","Mathur","12/4/2004 12:00:00 AM","male","2076 90th Avenue","SASKATOON","SK","S7L 5B6"
"310","Stutts, Brian","Brian","Stutts","5/5/2006 12:00:00 AM","male","4205 Barton Street","SASKATOON","SK","S7L 2E5"
"311","Drenner, Jaime","Jaime","Drenner","10/6/2002 12:00:00 AM","female","4229 Park Ct","REGINA","SK","S4S 6Z6"
"312","Manzanero, Andrew","Andrew","Manzanero","9/19/2005 12:00:00 AM","male","4647 Whitmore Road","WEYBURN","SK","S4H 0S5"
"313","Kalia, Troy","Troy","Kalia","9/11/2002 12:00:00 AM","male","1961 A Avenue","LLOYDMINSTER","SK","S9V 1V8"
"314","Flenord, Kenneth","Kenneth","Flenord","9/3/2002 12:00:00 AM","male","2751 Papineau Avenue","SWIFT CURRENT","SK","S9H 2R1"
"315","Imparato, Joan","Joan","Imparato","5/4/2003 12:00:00 AM","male","2492 Port Washington Road","PRINCE ALBERT","SK","S6V 6V3"
"316","Hiebert, Albert","Albert","Hiebert","8/12/2004 12:00:00 AM","male","4929 Halsey Avenue","SASKATOON","SK","S7M 5V8"
"317","Sterner, Mathew","Mathew","Sterner","4/12/2003 12:00:00 AM","male","2452 Churchill Plaza","TOMPKINS","SK","S0N 2S0"
"318","Grasso, Paul","Paul","Grasso","6/18/2003 12:00:00 AM","male","1122 York St","SASKATOON","SK","S7K 4G3"
"319","Henandez, Matthew","Matthew","Henandez","6/26/2002 12:00:00 AM","male","2111 Paris St","PRINCE ALBERT","SK","S6V 2E3"
"320","Gartrell, Scott","Scott","Gartrell","7/22/2002 12:00:00 AM","male","1662 137th Avenue","MOOSE JAW","SK","S6K 1A5"
"321","Berglund, Lee","Lee","Berglund","7/25/2005 12:00:00 AM","male","4724 102nd Avenue","SASKATOON","SK","S7M 1W5"
"322","Shawn, Penny","Penny","Shawn","1/15/2006 12:00:00 AM","female","1514 Township Rd","BEECHY","SK","S0L 0C0"
"323","Osmanovic, Christopher","Christopher","Osmanovic","5/11/2003 12:00:00 AM","male","1709 Port Washington Road","NORTH BATTLEFORD","SK","S9A 0L1"
"324","Zellman, Abdul","Abdul","Zellman","2/23/2006 12:00:00 AM","male","3726 Scotts Lane","ESTERHAZY","SK","S0A 0Y0"
"325","Wellington, Roger","Roger","Wellington","9/26/2005 12:00:00 AM","male","1015 Reserve St","MOOSE JAW","SK","S6H 0K8"
"326","Ciulla, Richard","Richard","Ciulla","8/23/2002 12:00:00 AM","male","453 Park Ct","ESTEVAN","SK","S4A 0P6"
"327","McKibben, Hattie","Hattie","McKibben","2/15/2005 12:00:00 AM","female","350 Acton Avenue","SASKATOON","SK","S7L 4Y9"
"328","Morario, Joyce","Joyce","Morario","7/10/2002 12:00:00 AM","female","4464 Heatherleigh","PRINCE ALBERT","SK","S6V 2G8"
"329","Devries, Edmund","Edmund","Devries","11/27/2001 12:00:00 AM","male","2652 Hillside Dr","REGINA","SK","S4R 4L7"
"330","Stroy, Brandon","Brandon","Stroy","4/5/2003 12:00:00 AM","male","2058 Center St","SWIFT CURRENT","SK","S9H 2K7"
"331","Seaton, Patricia","Patricia","Seaton","10/28/2004 12:00:00 AM","female","4069 Tycos Dr","ESTEVAN","SK","S4A 0A7"
"332","Vagliardo, Susan","Susan","Vagliardo","12/10/2004 12:00:00 AM","female","1237 40th Street","BEECHY","SK","S0L 0C0"
"333","Jaggers, James","James","Jaggers","2/9/2006 12:00:00 AM","male","4606 Bay Street","DORINTOSH","SK","S0M 0T0"
"334","Rispoli, Vita","Vita","Rispoli","11/22/2004 12:00:00 AM","female","1576 Port Washington Road","REGINA","SK","S4S 5N4"
"335","Nganga, Maria","Maria","Nganga","9/18/2004 12:00:00 AM","female","997 Eglinton Avenue","SASKATOON","SK","S7M 5A8"
"336","Falbo, Ramon","Ramon","Falbo","8/10/2004 12:00:00 AM","male","4562 Bay Street","NORTH BATTLEFORD","SK","S9A 1T7"
"337","Lira, Richard","Richard","Lira","9/26/2005 12:00:00 AM","male","3867 Merton Street","PARKSIDE","SK","S0J 2A0"
"338","Bakker, Jason","Jason","Bakker","3/18/2005 12:00:00 AM","male","3003 49th Avenue","CANWOOD","SK","S0C 0W0"
"339","Severson, Daniel","Daniel","Severson","5/13/2005 12:00:00 AM","male","659 rue Principale","MOOSE JAW","SK","S6J 1E5"
"340","Schiltz, Geneva","Geneva","Schiltz","11/28/2004 12:00:00 AM","female","2941 Glover Road","SASKATOON","SK","S7H 3T7"
"341","Zwigart, Stephen","Stephen","Zwigart","8/11/2002 12:00:00 AM","male","811 Joseph St","WEYBURN","SK","S4H 1M2"
"342","Ahlquist, Edgar","Edgar","Ahlquist","12/19/2001 12:00:00 AM","male","4730 Bay Street","TISDALE","SK","S0E 1T0"
"343","Keeton, Billy","Billy","Keeton","12/4/2001 12:00:00 AM","male","4094 Eglinton Avenue","CABRI","SK","X0X 0X0"
"344","McAninch, Wesley","Wesley","McAninch","10/13/2005 12:00:00 AM","male","3931 Kinchant St","YORKTON","SK","S3N 3E1"
"345","Staubin, David","David","Staubin","4/17/2006 12:00:00 AM","male","2447 Tycos Dr","YELLOWGRASS","SK","S0G 5J0"
"346","Conlin, Timothy","Timothy","Conlin","2/25/2002 12:00:00 AM","male","4251 Rue De La Gare","WEYBURN","SK","S4H 1M2"
"347","McBrayer, Jeremy","Jeremy","McBrayer","3/28/2003 12:00:00 AM","male","1418 47th Avenue","SASKATOON","SK","S7N 2A5"
"348","Cullins, Randall","Randall","Cullins","8/18/2002 12:00:00 AM","male","4835 Reserve St","PRINCE ALBERT","SK","S6V 4N1"
"349","Makki, Aaron","Aaron","Makki","5/31/2005 12:00:00 AM","male","4944 rue Principale","PRINCE ALBERT","SK","S6V 7Y4"
"350","Brinkman, Kari","Kari","Brinkman","9/27/2002 12:00:00 AM","female","1692 Tycos Dr","REGINA","SK","S4P 2W6"
"351","Alicea, Jacob","Jacob","Alicea","11/9/2002 12:00:00 AM","male","2089 Paradise Crescent","REGINA","SK","S4R 6K9"
"352","Claire, Stuart","Stuart","Claire","4/29/2006 12:00:00 AM","male","1759 St. John Street","SCEPTRES","SK","S0N 2H0"
"353","Martini, Danny","Danny","Martini","9/1/2004 12:00:00 AM","male","885 rue de la Gauchetière","SASKATOON","SK","S7L 1Z2"
"354","Graeter, James","James","Graeter","4/2/2005 12:00:00 AM","male","2556 Fallon Drive","ROCKHAVEN","SK","S0M 2R0"
"355","Sayloe, Nicole","Nicole","Sayloe","10/11/2005 12:00:00 AM","female","667 90th Avenue","WEBB","SK","X0X 0X0"
"356","Kamradt, Carl","Carl","Kamradt","7/27/2005 12:00:00 AM","male","1861 rue des Églises Est","REGINA","SK","S4S 7A9"
"357","Parisian, Scott","Scott","Parisian","11/21/2004 12:00:00 AM","male","4256 Leslie Street","MELFORT","SK","S0E 1A0"
"358","Schmidtberger, Almeda","Almeda","Schmidtberger","5/15/2006 12:00:00 AM","female","749 Albert Street","MEOTA","SK","S0M 1X0"
"359","Delpriore, John","John","Delpriore","1/12/2005 12:00:00 AM","male","4106 Kinchant St","SASKATOON","SK","S7J 1R6"
"360","Toste, James","James","Toste","12/17/2001 12:00:00 AM","male","3677 Carter Crescent","CHRISTOPHER LAKE","SK","S0J 0W0"
"361","Hornback, Linda","Linda","Hornback","4/26/2003 12:00:00 AM","female","4877 Bayfield St","SASKATOON","SK","S7H 4Y8"
"362","Fangman, Cliff","Cliff","Fangman","5/5/2002 12:00:00 AM","male","2514 René-Lévesque Blvd","SWIFT CURRENT","SK","S9H 3L6"
"363","Eggen, Paul","Paul","Eggen","2/6/2006 12:00:00 AM","male","1789 Carling Avenue","SWIFT CURRENT","SK","S9H 3W7"
"364","Drutman, Walter","Walter","Drutman","11/29/2001 12:00:00 AM","male","1842 1st Ave","LAKE LENORE","SK","S0K 2J0"
"365","Stovall, Greg","Greg","Stovall","3/6/2006 12:00:00 AM","male","1189 Runnymede Rd","PRINCE ALBERT","SK","S6V 6B7"
"366","Street, Nathan","Nathan","Street","7/13/2005 12:00:00 AM","male","384 Algonquin Blvd","MOOSE JAW","SK","S6H 5L9"
"367","Militello, Marilyn","Marilyn","Militello","8/1/2004 12:00:00 AM","female","4213 rue Levy","NORTH BATTLEFORD","SK","S9A 3E2"
"368","Siekman, Charles","Charles","Siekman","11/25/2004 12:00:00 AM","male","1293 Côte Joyeuse","SASKATOON","SK","S7N 1L1"
"369","Yanan, Richard","Richard","Yanan","7/30/2005 12:00:00 AM","male","279 Maynard Rd","PRINCE ALBERT","SK","S6V 0Z1"
"370","Chora, Lionel","Lionel","Chora","2/5/2005 12:00:00 AM","male","4161 Mill Street","SASKATOON","SK","S7N 4A2"
"371","Pacha, Mack","Mack","Pacha","5/27/2006 12:00:00 AM","male","2304 Lyons Avenue","LLOYDMINSTER","SK","S9V 1S6"
"372","Hildebrand, Mary","Mary","Hildebrand","2/4/2006 12:00:00 AM","female","2073 St Jean Baptiste St","SASKATOON","SK","S7L 3L3"
"373","Favor, Lydia","Lydia","Favor","5/22/2002 12:00:00 AM","female","3164 43rd Avenue","DALMENY","SK","S0K 1E0"
"374","Srivastava, Henry","Henry","Srivastava","6/17/2002 12:00:00 AM","male","3647 Carling Avenue","EATONIA","SK","S0L 0Y0"
"375","Vanpelt, Virginia","Virginia","Vanpelt","5/25/2005 12:00:00 AM","female","1958 Pearl Street","PRINCE ALBERT","SK","S6V 7V7"
"376","Aceituno, Eugene","Eugene","Aceituno","9/10/2002 12:00:00 AM","male","2388 Brew Creek Rd","SASKATOON","SK","S7L 6S9"
"377","Polite, Hugh","Hugh","Polite","2/5/2006 12:00:00 AM","male","1650 Victoria Park Ave","SWIFT CURRENT","SK","S9H 5C6"
"378","Yslas, Maria","Maria","Yslas","11/5/2005 12:00:00 AM","female","663 Garafraxa St","REGINA","SK","S4S 1K6"
"379","Donner, Carl","Carl","Donner","8/11/2001 12:00:00 AM","male","2306 9th Avenue","PRINCE ALBERT","SK","S6V 0E2"
"380","Myers, Tyler","Tyler","Myers","12/25/2005 12:00:00 AM","male","2455 Lynden Road","REGINA","SK","S4T 7W7"
"381","Addis, Lillian","Lillian","Addis","7/6/2002 12:00:00 AM","female","3824 Boulevard Laflèche","PRINCE ALBERT","SK","S6V 2M3"
"382","Hanegan, Susan","Susan","Hanegan","7/30/2004 12:00:00 AM","female","2349 Eagle Rd","REGINA","SK","S4R 3B1"
"383","Bean, Eric","Eric","Bean","12/8/2001 12:00:00 AM","male","4444 Eglinton Avenue","SASKATOON","SK","S7N 1Y1"
"384","Bratt, Lester","Lester","Bratt","7/23/2004 12:00:00 AM","male","3028 Robson St","SASKATOON","SK","S7J 2W9"
"385","Dacres, Erin","Erin","Dacres","10/21/2005 12:00:00 AM","female","2215 Robson St","WEBB","SK","X0X 0X0"
"386","Devitt, Neal","Neal","Devitt","1/27/2003 12:00:00 AM","male","3278 Eglinton Avenue","REGINA","SK","S4V 0S1"
"387","Carrow, Alice","Alice","Carrow","2/23/2006 12:00:00 AM","female","3062 Islington Ave","PRINCE ALBERT","SK","S6V 4L2"
"388","Vandoren, Thomas","Thomas","Vandoren","12/12/2004 12:00:00 AM","male","3860 Dundas St","NIPAWIN","SK","S0E 1E0"
"389","Haeffner, Carl","Carl","Haeffner","12/22/2001 12:00:00 AM","male","2513 Kinchant St","ABERNATHY","SK","S0A 0A0"
"390","Peecha, Ramon","Ramon","Peecha","4/8/2006 12:00:00 AM","male","1632 Lake City Way","ESTEVAN","SK","S4A 2G2"
"391","Rabon, Barbara","Barbara","Rabon","11/13/2005 12:00:00 AM","female","1159 James Street","YORKTON","SK","S3N 2B8"
"392","McCaskill, Michael","Michael","McCaskill","11/12/2004 12:00:00 AM","male","1775 Albert Street","WEYBURN","SK","S4H 2N4"
"393","Cao, William","William","Cao","8/29/2004 12:00:00 AM","male","1913 Cornwall Street","SASKATOON","SK","S7K 5G7"
"394","Sultani, Xavier","Xavier","Sultani","7/29/2005 12:00:00 AM","male","3757 St George Street","SASKATOON","SK","S7J 4B5"
"395","Loerzel, Ginger","Ginger","Loerzel","7/28/2001 12:00:00 AM","female","4075 Robson St","SASKATOON","SK","S7J 1X5"
"396","Cowley, Jose","Jose","Cowley","5/3/2006 12:00:00 AM","male","4560 Playfair Avenue","SASKATOON","SK","S7J 2M1"
"397","Hotelling, Audrey","Audrey","Hotelling","8/12/2004 12:00:00 AM","female","2709 Wallace Street","YORKTON","SK","S3N 3A4"
"398","Illovsky, Harry","Harry","Illovsky","4/11/2005 12:00:00 AM","male","4813 Roger Street","PRINCE ALBERT","SK","S6V 5L4"
"399","Craver, Louis","Louis","Craver","4/12/2003 12:00:00 AM","male","1779 MacLaren Street","PRINCE ALBERT","SK","S6V 1A9"
"400","Mogrovejo, John","John","Mogrovejo","12/9/2004 12:00:00 AM","male","1226 rue Garneau","REGINA","SK","S4T 0J5"
"401","Bennett, Kenneth","Kenneth","Bennett","7/27/2004 12:00:00 AM","male","2629 Bayfield St","SASKATOON","SK","S7L 4T9"
"402","Kulp, Donald","Donald","Kulp","8/20/2004 12:00:00 AM","male","3323 Bridgeport Rd","MOOSE JAW","SK","S6J 1L2"
"403","Pfeiffer, Robert","Robert","Pfeiffer","6/19/2005 12:00:00 AM","male","510 Galts Ave","ESTEVAN","SK","S4A 0P6"
"404","Stinde, Karla","Karla","Stinde","1/21/2005 12:00:00 AM","female","3258 49th Avenue","BENSON","SK","S0C 0L0"
"405","Levinson, Donald","Donald","Levinson","12/5/2005 12:00:00 AM","male","3742 Riedel Street","MOOSE JAW","SK","S6H 4S3"
"406","Bellinger, David","David","Bellinger","8/28/2005 12:00:00 AM","male","3740 Seguin Street","ESTEVAN","SK","S4A 0W2"
"407","Cela, Glen","Glen","Cela","11/12/2001 12:00:00 AM","male","1700 Venture Place","SASKATOON","SK","S7L 4Y5"
"408","Cox, Yvonne","Yvonne","Cox","1/17/2005 12:00:00 AM","female","592 Glover Road","CABRI","SK","X0X 0X0"
"409","Dempsey, Christian","Christian","Dempsey","7/21/2005 12:00:00 AM","male","3862 Kinchant St","SHELL LAKE","SK","S0J 2G0"
"410","Philpot, Anita","Anita","Philpot","7/27/2005 12:00:00 AM","female","4493 Dufferin Avenue","ESTEVAN","SK","S4A 1Z3"
"411","Morisey, Patrick","Patrick","Morisey","8/24/2002 12:00:00 AM","male","1857 90th Avenue","REGINA","SK","S4X 4L4"
"412","Mohammed, Della","Della","Mohammed","4/5/2006 12:00:00 AM","female","2859 Halsey Avenue","SASKATOON","SK","S7K 5V5"
"413","Loeper, Lorenzo","Lorenzo","Loeper","11/3/2001 12:00:00 AM","male","4177 Bayfield St","MOOSE JAW","SK","S6H 2X1"
"414","Kurasz, Eric","Eric","Kurasz","3/24/2005 12:00:00 AM","male","2434 2nd Street","REGINA","SK","S4S 6K1"
"415","Edouard, Donald","Donald","Edouard","1/11/2005 12:00:00 AM","male","1287 Pine Street","MOOSE JAW","SK","S6H 4Z7"
"416","Kochler, Michelle","Michelle","Kochler","7/17/2004 12:00:00 AM","female","4774 Lockhart Drive","SASKATOON","SK","S7K 5B6"
"417","Zarco, Robert","Robert","Zarco","3/24/2002 12:00:00 AM","male","2470 St Marys Rd","MEADOW LAKE","SK","S9X 1A5"
"418","Bruton, Jason","Jason","Bruton","10/26/2001 12:00:00 AM","male","1910 Dundas St","COCHIN","SK","S0M 0L0"
"419","Ritt, Sharon","Sharon","Ritt","8/27/2005 12:00:00 AM","female","3335 Adelaide St","MOOSE JAW","SK","S6J 1A3"
"420","Biangone, David","David","Biangone","9/6/2002 12:00:00 AM","male","1775 Ste. Catherine Ouest","ESTEVAN","SK","S4A 2K7"
"421","Belt, Frances","Frances","Belt","8/16/2005 12:00:00 AM","female","4596 Toy Avenue","SASKATOON","SK","S7J 1T5"
"422","Winant, Dorothy","Dorothy","Winant","3/4/2002 12:00:00 AM","female","4096 McGill Road","SASKATOON","SK","S7H 2M1"
"423","Basilio, Randolph","Randolph","Basilio","6/3/2006 12:00:00 AM","male","2559 Township Rd","NORTH BATTLEFORD","SK","S9A 2L9"
"424","Ginyard, Samuel","Samuel","Ginyard","3/6/2005 12:00:00 AM","male","3869 Benton Street","NORTH BATTLEFORD","SK","S9A 1T7"
"425","Rabe, Luz","Luz","Rabe","5/28/2002 12:00:00 AM","female","4321 Sixth Street","REGINA","SK","S4T 6W9"
"426","Dunston, Robert","Robert","Dunston","12/6/2002 12:00:00 AM","male","1189 Seguin Street","REGINA","SK","S4S 7C5"
"427","Schutte, Keven","Keven","Schutte","9/3/2002 12:00:00 AM","male","3589 Wascana Parkway","YORKTON","SK","S3N 2S4"
"428","Henshaw, Tony","Tony","Henshaw","1/2/2006 12:00:00 AM","male","4347 Brant Ave","MOOSE JAW","SK","S6H 4M7"
"429","Cardwell, April","April","Cardwell","4/17/2005 12:00:00 AM","female","3789 Hammarskjold Dr","REGINA","SK","S4S 7K8"
"430","Manis, Stephen","Stephen","Manis","7/11/2001 12:00:00 AM","male","380 Northumberland Street","REGINA","SK","S4V 2B6"
"431","Bavard, Melissa","Melissa","Bavard","4/20/2007 12:00:00 AM","female","2484 Main St","EMERALD PARK","SK","S4L 1B9"
"432","Magruder, Paul","Paul","Magruder","12/26/2006 12:00:00 AM","male","2021 Burdett Avenue","OUTLOOK","SK","S0L 2W0"
"433","Moncayo, Arturo","Arturo","Moncayo","5/9/2007 12:00:00 AM","male","820 Thurston Dr","SASKATOON","SK","S7H 1H9"
"434","Vrabel, Jayne","Jayne","Vrabel","11/13/2005 12:00:00 AM","female","2800 Richford Road","PRINCE ALBERT","SK","S6V 4M7"
"435","Ide, Kenneth","Kenneth","Ide","11/14/2003 12:00:00 AM","male","4665 Merton Street","SASKATOON","SK","S7K 7Y7"
"436","Barnhardt, Emanuel","Emanuel","Barnhardt","11/13/2006 12:00:00 AM","male","4692 rue St-Paul","SASKATOON","SK","S7M 0W5"
"437","Dunning, Tonya","Tonya","Dunning","11/7/2006 12:00:00 AM","female","3263 Baker Street","MOOSE JAW","SK","S6H 1N1"
"438","Im, Rocco","Rocco","Im","8/25/2005 12:00:00 AM","male","3470 Merton Street","MOOSOMIN","SK","S0G 3NO"
"439","Falencki, Rodney","Rodney","Falencki","9/1/2002 12:00:00 AM","male","2463 Kinchant St","YORKTON","SK","S3N 2W4"
"440","Jett, Nathan","Nathan","Jett","1/15/2006 12:00:00 AM","male","194 Glover Road","BEECHY","SK","S0L 0C0"
"441","Lasalle, Kellie","Kellie","Lasalle","11/22/2006 12:00:00 AM","female","1441 Carling Avenue","PRINCE ALBERT","SK","S6V 2V9"
"442","Zybia, Santa","Santa","Zybia","2/3/2004 12:00:00 AM","female","3588 137th Avenue","WEYBURN","SK","S4H 0Z7"
"443","Langevin, Abel","Abel","Langevin","2/16/2007 12:00:00 AM","male","1811 rue Saint-Antoine","SASKATOON","SK","S7K 4H6"
"444","Barrick, Martha","Martha","Barrick","9/16/2005 12:00:00 AM","female","108 MacLaren Street","MOOSE JAW","SK","S6H 2Z5"
"445","Stephson, Katrina","Katrina","Stephson","7/21/2002 12:00:00 AM","female","168 rue Ontario Ouest","SASKATOON","SK","S7H 2M9"
"446","Hudock, Donna","Donna","Hudock","3/11/2007 12:00:00 AM","female","1009 Brand Road","SWIFT CURRENT","SK","S9H 3V6"
"447","Gilmer, Barbara","Barbara","Gilmer","12/7/2006 12:00:00 AM","female","3616 Bayfield St","NORTH BATTLEFORD","SK","S9A 3E2"
"448","Hee, Natalie","Natalie","Hee","3/21/2006 12:00:00 AM","female","4244 Derry Rd","PRINCE ALBERT","SK","S6V 2Y2"
"449","Portales, Richard","Richard","Portales","12/7/2003 12:00:00 AM","male","240 Northumberland Street","REGINA","SK","S4S 5G9"
"450","Bowler, Clarice","Clarice","Bowler","6/8/2006 12:00:00 AM","female","3577 Jade St","SASKATOON","SK","S7H 2J5"
"451","Morado, Mark","Mark","Morado","12/11/2006 12:00:00 AM","male","2976 Shaughnessy St","REGINA","SK","S4S 5N4"
"452","Alt, Vincent","Vincent","Alt","5/10/2003 12:00:00 AM","male","2848 9th Avenue","NORTH BATTLEFORD","SK","S9A 2X1"
"453","Fourdust, Carl","Carl","Fourdust","9/15/2005 12:00:00 AM","male","1125 Hamilton Street","PRINCE ALBERT","SK","S6V 1W5"
"454","Oden, Kareem","Kareem","Oden","4/30/2007 12:00:00 AM","male","2020 MacLaren Street","SASKATOON","SK","S7H 4M8"
"455","Keesee, Julio","Julio","Keesee","9/26/2002 12:00:00 AM","male","225 Granville St","SASKATOON","SK","S7K 2M2"
"456","Archuleta, Juan","Juan","Archuleta","5/26/2006 12:00:00 AM","male","1194 Bay Street","SASKATOON","SK","S7L 4G2"
"457","Signor, Kathleen","Kathleen","Signor","11/28/2006 12:00:00 AM","female","3633 47th Avenue","AYLSHAM","SK","S0G 0B0"
"458","Talboti, Wm","Wm","Talboti","6/22/2003 12:00:00 AM","male","3360 Bay Street","REGINA","SK","S4R 8N5"
"459","Morris, Michael","Michael","Morris","1/30/2006 12:00:00 AM","male","1578 rue de la Gauchetière","YORKTON","SK","S3N 2S4"
"460","Morgana, Robert","Robert","Morgana","10/29/2005 12:00:00 AM","male","2273 Sheppard Ave","SASKATOON","SK","S7H 5P4"
"461","Cast, Douglas","Douglas","Cast","2/22/2004 12:00:00 AM","male","4239 Hastings Street","SASKATOON","SK","S7M 1Y2"
"462","Ripa, John","John","Ripa","7/24/2006 12:00:00 AM","male","3243 St Marys Rd","SASKATOON","SK","S7K 1G2"
"463","Carcamo, Lynn","Lynn","Carcamo","9/14/2005 12:00:00 AM","female","4280 Bloor Street","COLFAX","SK","S0G 0S0"
"464","Brodeur, Joseph","Joseph","Brodeur","1/24/2004 12:00:00 AM","male","4983 Lynden Road","PRINCE ALBERT","SK","S6V 1J8"
"465","Kinzer, Arturo","Arturo","Kinzer","8/8/2003 12:00:00 AM","male","1642 A Avenue","REGINA","SK","S4S 2X8"
"466","Woldemariam, John","John","Woldemariam","12/12/2003 12:00:00 AM","male","4225 Maynard Rd","SWIFT CURRENT","SK","S9H 4S1"
"467","Schulten, Risa","Risa","Schulten","7/25/2006 12:00:00 AM","female","3672 Wyecroft Road","WEYBURN","SK","S4H 1G8"
"468","Freitas, Ruth","Ruth","Freitas","9/24/2003 12:00:00 AM","female","422 Paris St","NORTH BATTLEFORD","SK","S9A 1L2"
"469","Rao, Jack","Jack","Rao","11/10/2003 12:00:00 AM","male","3032 Dundas St","SASKATOON","SK","S7R 1N4"
"470","Urdiano, Jermaine","Jermaine","Urdiano","12/11/2002 12:00:00 AM","male","3423 De L'Acadie Boul","SASKATOON","SK","S7J 3C8"
"471","Blanco, Sheldon","Sheldon","Blanco","3/20/2007 12:00:00 AM","male","2366 Brant Ave","PRINCE ALBERT","SK","S6V 1L3"
"472","Loughlin, Robert","Robert","Loughlin","6/7/2006 12:00:00 AM","male","4175 Boulevard Cremazie","OUTLOOK","SK","S0X 0X0"
"473","Kohring, Miguel","Miguel","Kohring","11/2/2006 12:00:00 AM","male","239 Scarth Street","SASKATOON","SK","S7K 0J8"
"474","Hamil, Floyd","Floyd","Hamil","6/25/2003 12:00:00 AM","male","1342 Adelaide St","PRINCE ALBERT","SK","S6V 4B9"
"475","Folks, Cynthia","Cynthia","Folks","10/14/2006 12:00:00 AM","female","3982 Calgary Avenue","REGINA","SK","S4S 6C4"
"476","Mayers, Christopher","Christopher","Mayers","12/3/2005 12:00:00 AM","male","4564 A Avenue","SWIFT CURRENT","SK","S9H  1L"
"477","Schroeter, Stacy","Stacy","Schroeter","11/25/2006 12:00:00 AM","female","2568 Thorburn Road","ST WALBURG","SK","S0M 2T0"
"478","Heins, Daniel","Daniel","Heins","6/3/2006 12:00:00 AM","male","4966 Lake City Way","SASKATOON","SK","S7J 2T5"
"479","Schreder, Robert","Robert","Schreder","1/14/2003 12:00:00 AM","male","1234 Harvest Moon Dr","WEYBURN","SK","S4H 2L5"
"480","Hird, John","John","Hird","3/29/2006 12:00:00 AM","male","726 Victoria Park Ave","MOOSE JAW","SK","S6H 7T5"
"481","Headings, Jeffrey","Jeffrey","Headings","10/6/2006 12:00:00 AM","male","4858 Silver Springs Blvd","MEADOW LAKE","SK","S9X 1Y1"
"482","Muchnik, Harold","Harold","Muchnik","10/16/2002 12:00:00 AM","male","2029 George Street","PRINCE ALBERT","SK","S6V 5K6"
"483","Diaz, Martha","Martha","Diaz","4/2/2007 12:00:00 AM","female","2983 Howletts Lane","ESTEVAN","SK","S4A 2P5"
"484","Glidden, Richard","Richard","Glidden","3/7/2003 12:00:00 AM","male","4183 Whiskey Cove Road","ESTEVAN","SK","S4A 2N5"
"485","McElyea, Gregory","Gregory","McElyea","7/9/2006 12:00:00 AM","male","457 90th Avenue","REGINA","SK","S4R 4L7"
"486","Kock, Rochelle","Rochelle","Kock","9/23/2005 12:00:00 AM","female","2979 Craven Place","WASKESIU","SK","S0J 2Y0"
"487","Hensel, Michael","Michael","Hensel","10/25/2006 12:00:00 AM","male","3057 Duke Street","LANDIS","SK","S0K 2K0"
"488","McEnany, Robert","Robert","McEnany","5/27/2006 12:00:00 AM","male","1265 Keith Road","LLOYDMINSTER","SK","S9V 1V1"
"489","Alcocer, Jeffrey","Jeffrey","Alcocer","11/21/2005 12:00:00 AM","male","1594 Royal Avenue","SASKATOON","SK","S7L 1C8"
"490","Steve, Arthur","Arthur","Steve","7/5/2003 12:00:00 AM","male","1877 Roger Street","SASKATOON","SK","S7J 2H3"
"491","Arbogast, Steve","Steve","Arbogast","1/22/2007 12:00:00 AM","male","3790 50th Street","PRINCE ALBERT","SK","S6V 8B4"
"492","Hannon, Robert","Robert","Hannon","1/22/2006 12:00:00 AM","male","1034 St Jean Baptiste St","SASKATOON","SK","S7T 1C4"
"493","Laporte, Julio","Julio","Laporte","9/13/2006 12:00:00 AM","male","2030 Toy Avenue","MILSTONE","SK","S0G 3L0"
"494","Conelli, Erin","Erin","Conelli","1/30/2003 12:00:00 AM","female","8 MacLaren Street","GALLIVAN","SK","S0M 0X0"
"495","Vonhaden, Matthew","Matthew","Vonhaden","4/13/2007 12:00:00 AM","male","1753 Manitoba Street","MOOSE JAW","SK","S6H 2G7"
"496","Litvin, John","John","Litvin","9/20/2005 12:00:00 AM","male","1498 Reserve St","PRINCE ALBERT","SK","S6V 2G4"
"497","Boyadjian, Richard","Richard","Boyadjian","6/17/2007 12:00:00 AM","male","3184 9th Ave","RICHMOND","SK","S0N 2E0"
"498","Barcena, John","John","Barcena","6/23/2007 12:00:00 AM","male","3065 Parkdale Ave","MOOSE JAW","SK","S6H 4R8"
"499","Candia, Joseph","Joseph","Candia","7/1/2005 12:00:00 AM","male","2120 St. Paul Street","WEIRDALE","SK","S0J 2Z0"
"500","Lachapelle, Floyd","Floyd","Lachapelle","1/8/2006 12:00:00 AM","male","72 Hamilton Street","SASKATOON","SK","S7P 1C4"
"501","Delp, Darren","Darren","Delp","8/12/2002 12:00:00 AM","male","1265 Bayfield St","ESTEVAN","SK","S4A 2C7"
"502","Enloe, David","David","Enloe","12/27/2006 12:00:00 AM","male","1277 Albert Street","MEADOW LAKE","SK","S9X 1G1"
"503","Luth, David","David","Luth","9/7/2005 12:00:00 AM","male","881 184th Street","MOOSE JAW","SK","S6H 3E5"
"504","Boydston, Anthony","Anthony","Boydston","4/3/2006 12:00:00 AM","male","1808 Toy Avenue","ESTERHAZY","SK","S0A 0Y0"
"505","Schlegelmilch, Kimberley","Kimberley","Schlegelmilch","11/9/2003 12:00:00 AM","female","4143 Heatherleigh","WEYBURN","SK","S4H 1A3"
"506","Buschman, Karin","Karin","Buschman","6/30/2005 12:00:00 AM","female","2685 Township Rd","SWIFT CURRENT","SK","S9H 5M6"
"507","Vierra, Jason","Jason","Vierra","4/9/2006 12:00:00 AM","male","3490 Danforth Avenue","CANWOOD","SK","S0K 0K0"
"508","Volpi, David","David","Volpi","10/4/2006 12:00:00 AM","male","1917 Riedel Street","WHITE FOX","SK","S0J 3B0"
"509","Mahtani, Paul","Paul","Mahtani","3/7/2004 12:00:00 AM","male","4032 Nootka Street","YORKTON","SK","S3N 3J4"
"510","Flack, Charles","Charles","Flack","8/21/2005 12:00:00 AM","male","2402 Papineau Avenue","MEADOW LAKE","SK","S9X 1Y1"
"511","Jordon, Jeffrey","Jeffrey","Jordon","10/14/2003 12:00:00 AM","male","1296 Lock Street","WEIRDALE","SK","S0J 2Z0"
"512","Vermette, Diana","Diana","Vermette","10/4/2006 12:00:00 AM","female","2189 9th Ave","REGINA","SK","S4X 2E2"
"513","Katzman, Barry","Barry","Katzman","6/17/2006 12:00:00 AM","male","401 rue des Églises Est","REGINA","SK","S4S 5P3"
"514","Burcham, Jordan","Jordan","Burcham","11/18/2005 12:00:00 AM","male","3051 2nd Street","MOOSE JAW","SK","S6H 4G4"
"515","Demarest, Bernard","Bernard","Demarest","8/28/2002 12:00:00 AM","male","3084 Wellington Street","SASKATOON","SK","S7K 6W1"
"516","Fath, John","John","Fath","11/16/2005 12:00:00 AM","male","3002 Roger Street","ESTEVAN","SK","S4A 0C7"
"517","Fickey, Ernest","Ernest","Fickey","3/20/2003 12:00:00 AM","male","3639 Lynden Road","KAMSACK","SK","S0G 1S0"
"518","Ruch, Bryan","Bryan","Ruch","5/14/2006 12:00:00 AM","male","2630 Robson St","REGINA","SK","S4R 2C5"
"519","Bowens, Rodney","Rodney","Bowens","7/27/2002 12:00:00 AM","male","1070 Merivale Road","PRINCE ALBERT","SK","S6V 2X9"
"520","Moeller, Moshe","Moshe","Moeller","3/12/2007 12:00:00 AM","male","2815 rue Saint-Antoine","SASKATOON","SK","S7J 1X6"
"521","Burress, Colleen","Colleen","Burress","7/26/2003 12:00:00 AM","female","1101 rue Saint-Charles","MELFORT","SK","X0X 0X0"
"522","Avakian, Kenneth","Kenneth","Avakian","5/19/2007 12:00:00 AM","male","250 St. Paul Street","SASKATOON","SK","S7L 3M9"
"523","Hollomon, Dustin","Dustin","Hollomon","5/14/2004 12:00:00 AM","male","3660 Sheppard Ave","SASKATOON","SK","S7J 4X1"
"524","Pruim, Mary","Mary","Pruim","2/28/2006 12:00:00 AM","female","3249 Algonquin Blvd","SASKATOON","SK","S7K 6G4"
"525","Apgar, Carolina","Carolina","Apgar","6/7/2004 12:00:00 AM","female","1006 Isabella Street","REGINA","SK","S4S 4P4"
"526","Volkman, Thomas","Thomas","Volkman","12/14/2002 12:00:00 AM","male","288 rue Parc","SASKATOON","SK","S7K 5J2"
"527","Delao, Jeffrey","Jeffrey","Delao","8/30/2003 12:00:00 AM","male","1454 Weston Rd","SANCTUARY","SK","S0L 2X0"
"528","Keros, Fred","Fred","Keros","6/19/2004 12:00:00 AM","male","4109 Front Street","PRINCE ALBERT","SK","S6V 0J3"
"529","Gantt, David","David","Gantt","2/23/2003 12:00:00 AM","male","183 Main St","SASKATOON","SK","S7J 0E5"
"530","Singleton, Darla","Darla","Singleton","11/14/2006 12:00:00 AM","female","480 Fallon Drive","SASKATOON","SK","S7H 3M1"
"531","Holstein, Joseph","Joseph","Holstein","10/30/2003 12:00:00 AM","male","2333 Burdett Avenue","PRINCE ALBERT","SK","S6V 0X8"
"532","Staton, Jenny","Jenny","Staton","11/14/2005 12:00:00 AM","female","1792 Main St","YORKTON","SK","S3N 1X2"
"533","Hymas, Nicolette","Nicolette","Hymas","3/6/2007 12:00:00 AM","female","4556 St. Paul Street","REGINA","SK","S4X 4T1"
"534","Zick, Ethan","Ethan","Zick","1/6/2006 12:00:00 AM","male","504 Duke Street","PRINCE ALBERT","SK","S6V 3C2"
"535","Trigg, William","William","Trigg","1/30/2007 12:00:00 AM","male","951 Wallbridge Loyalist Rd","PRINCE ALBERT","SK","S6V 2T9"
"536","Spurrier, Judy","Judy","Spurrier","5/18/2007 12:00:00 AM","female","3026 St. Paul Street","WEIRDALE","SK","S0J 2Z0"
"537","Perfect, Christian","Christian","Perfect","4/5/2004 12:00:00 AM","male","4871 50th Street","SASKATOON","SK","S7L 1Z2"
"538","Parchment, Paul","Paul","Parchment","3/3/2003 12:00:00 AM","male","448 Pape Ave","PRINCE ALBERT","SK","S6V 3S5"
"539","Aiono, Antonio","Antonio","Aiono","6/15/2006 12:00:00 AM","male","4032 St Jean Baptiste St","SHAUNAVON","SK","S0N 3L0"
"540","Hathorn, Jeffrey","Jeffrey","Hathorn","10/23/2005 12:00:00 AM","male","2378 Derry Rd","YORKTON","SK","S3N 0T9"
"541","Strain, Michael","Michael","Strain","4/27/2006 12:00:00 AM","male","1016 Halsey Avenue","MOOSE JAW","SK","S6H 5X5"
"542","Leath, James","James","Leath","11/28/2006 12:00:00 AM","male","1466 Scotts Lane","SASKATOON","SK","S7V 1B8"
"543","Harper, Jeff","Jeff","Harper","4/14/2006 12:00:00 AM","male","468 Tolmie St","REGINA","SK","S4S 1J2"
"544","Yusuf, Michael","Michael","Yusuf","9/15/2006 12:00:00 AM","male","588 rue St-Paul","SASKATOON","SK","S7H 3N3"
"545","Palazzo, Mark","Mark","Palazzo","3/20/2007 12:00:00 AM","male","4740 Victoria Park Ave","SASKATOON","SK","S7K 4X9"
"546","Reiner, Beverly","Beverly","Reiner","2/13/2007 12:00:00 AM","female","3797 Essendene Avenue","SASKATOON","SK","S7M 3V1"
"547","Burse, Riley","Riley","Burse","5/6/2004 12:00:00 AM","male","1508 Dystant Road","SWIFT CURRENT","SK","S9H 2R8"
"548","Emerson, Gary","Gary","Emerson","5/9/2007 12:00:00 AM","male","1937 Carter Crescent","NORTH BATTLEFORD","SK","S9A 2Z7"
"549","Villard, Keith","Keith","Villard","4/2/2003 12:00:00 AM","male","474 Paradise Crescent","REGINA","SK","S4R 3T8"
"550","Watterson, Linda","Linda","Watterson","12/20/2002 12:00:00 AM","female","1266 Tycos Dr","ESTEVAN","SK","S4A 2L3"
"551","Madison, Matthew","Matthew","Madison","6/1/2004 12:00:00 AM","male","4680 Park Ct","TROSSACKS","SK","S0C 2N0"
"552","Dupuis, Theodore","Theodore","Dupuis","10/23/2002 12:00:00 AM","male","2291 Brant Ave","ESTEVAN","SK","S4A 0X3"
"553","Yard, Julie","Julie","Yard","1/25/2007 12:00:00 AM","female","329 Garafraxa St","ROBSART","SK","S0N 2G0"
"554","Gulinson, Willie","Willie","Gulinson","6/2/2004 12:00:00 AM","male","4983 Hastings Street","NORTH BATTLEFORD","SK","S9A 0L2"
"555","Rossetti, Roger","Roger","Rossetti","7/4/2006 12:00:00 AM","male","2356 Terry Fox Dr","KINDERSLEY","SK","S0L 1S1"
"556","Yoh, Elizabeth","Elizabeth","Yoh","12/6/2005 12:00:00 AM","female","3267 90th Avenue","MOOSE JAW","SK","S6J 1N1"
"557","Sewald, Leo","Leo","Sewald","3/4/2004 12:00:00 AM","male","4533 Glover Road","MOOSE JAW","SK","S6H 4S3"
"558","Bosten, Jason","Jason","Bosten","11/30/2006 12:00:00 AM","male","4709 Silver St","SASKATOON","SK","S7K 7Z3"
"559","Calderin, Deidre","Deidre","Calderin","1/3/2004 12:00:00 AM","female","3801 James Street","MOOSE JAW","SK","S6H 5S6"
"560","Pinilla, Mark","Mark","Pinilla","10/19/2003 12:00:00 AM","male","4477 184th Street","ESTEVAN","SK","S4A 1E2"
"561","Marquard, Kevin","Kevin","Marquard","6/10/2006 12:00:00 AM","male","3758 rue Garneau","MOOSE JAW","SK","S6H 7C5"
"562","Nono, Harvey","Harvey","Nono","10/20/2003 12:00:00 AM","male","73 Robson St","SASKATOON","SK","S7N 4H2"
"563","Ables, Scott","Scott","Ables","5/1/2006 12:00:00 AM","male","1235 Queen Elisabeth Blvd","SASKATOON","SK","S7L 3P2"
"564","Edralin, Neil","Neil","Edralin","2/10/2006 12:00:00 AM","male","680 Bridgeport Rd","REGINA","SK","S4R 6E2"
"565","Samarin, Michael","Michael","Samarin","10/2/2005 12:00:00 AM","male","1970 St Jean Baptiste St","SASKATOON","SK","S7J 3N1"
"566","Shaffer, Kathleen","Kathleen","Shaffer","1/29/2004 12:00:00 AM","female","3393 Bay Street","SASKATOON","SK","S7L 3R3"
"567","Castanon, Christina","Christina","Castanon","6/19/2004 12:00:00 AM","female","4775 A Avenue","NEIDPATH","SK","S0N 1S0"
"568","Wheelhouse, Joshua","Joshua","Wheelhouse","6/22/2003 12:00:00 AM","male","4838 Montreal Road","REGINA","SK","S4V 0Z8"
"569","Koffel, William","William","Koffel","5/2/2003 12:00:00 AM","male","4704 102nd Avenue","PRINCE ALBERT","SK","S6V 3N3"
"570","Leon, Maurice","Maurice","Leon","2/9/2006 12:00:00 AM","male","1007 Paradise Crescent","YORKTON","SK","S3N 0W4"
"571","Nichell, Reuben","Reuben","Nichell","3/31/2006 12:00:00 AM","male","633 Lynden Road","ROSETOWN","SK","S0L 1K0"
"572","Rehman, Anthony","Anthony","Rehman","6/1/2003 12:00:00 AM","male","2468 Harvest Moon Dr","REGINA","SK","S4T 5P5"
"573","Goolman, Keith","Keith","Goolman","7/17/2005 12:00:00 AM","male","1232 St Marys Rd","SWIFT CURRENT","SK","S9H 1R4"
"574","Caputo, Charles","Charles","Caputo","8/21/2002 12:00:00 AM","male","2802 Heatherleigh","MOOSE JAW","SK","S6H 0Y5"
"575","Blackbird, Karen","Karen","Blackbird","6/23/2004 12:00:00 AM","female","4529 Mountain Rd","MOOSE JAW","SK","S6H 3S3"
"576","Hakes, Kyle","Kyle","Hakes","8/1/2002 12:00:00 AM","male","30 Boulevard Cremazie","SASKATOON","SK","S7V 1C5"
"577","Noack, Scott","Scott","Noack","8/18/2005 12:00:00 AM","male","1141 Albert Street","SASKATOON","SK","S7N 3W3"
"578","Julsrud, Sharon","Sharon","Julsrud","8/5/2006 12:00:00 AM","female","421 rue Parc","SWIFT CURRENT","SK","S9H 1K3"
"579","Suman, Ellen","Ellen","Suman","4/20/2006 12:00:00 AM","female","3188 Roger Street","SASKATOON","SK","S7J 3N1"
"580","Oelschlager, Joshua","Joshua","Oelschlager","9/6/2002 12:00:00 AM","male","3472 Birkett Lane","SWIFT CURRENT","SK","S9H 3W7"
"581","Pleasant, Steve","Steve","Pleasant","4/21/2007 12:00:00 AM","male","336 Neilson Avenue","REGINA","SK","S4R 2A9"
"582","Boches, Joseph","Joseph","Boches","4/25/2003 12:00:00 AM","male","2475 St George Street","ESTEVAN","SK","S4A 2X4"
"583","Koeppe, Dean","Dean","Koeppe","9/2/2005 12:00:00 AM","male","707 43rd Avenue","ESTEVAN","SK","S4A 2Y3"
"584","Meehleder, Debra","Debra","Meehleder","8/9/2005 12:00:00 AM","female","4196 Merton Street","NORTH BATTLEFORD","SK","S9A 0K6"
"585","Hammer, David","David","Hammer","12/20/2003 12:00:00 AM","male","3064 Cordova Street","SWIFT CURRENT","SK","S9H 2Z4"
"586","Hartong, Charles","Charles","Hartong","11/4/2005 12:00:00 AM","male","4115 Dufferin Avenue","TOGO","SK","S0E 4E0"
"587","Clementi, Mary","Mary","Clementi","10/14/2005 12:00:00 AM","female","3374 Algoma St","MACKLIN","SK","S0K 4L0"
"588","Whaite, Alfonso","Alfonso","Whaite","12/23/2006 12:00:00 AM","male","1126 Sixth Street","SASKATOON","SK","S7K 6B7"
"589","Lombardi, Edward","Edward","Lombardi","11/18/2002 12:00:00 AM","male","1871 Bloor Street","WEYBURN","SK","S4H 0L4"
"590","Brookover, Richard","Richard","Brookover","5/8/2006 12:00:00 AM","male","1814 Craven Place","ESTEVAN","SK","S4A 1P5"
"591","Ulibarri, Rayford","Rayford","Ulibarri","8/8/2003 12:00:00 AM","male","3110 rue Ontario Ouest","MOOSE JAW","SK","S6H 7B1"
"592","Kawabata, Nicholas","Nicholas","Kawabata","11/13/2002 12:00:00 AM","male","238 MacLaren Street","ESTEVAN","SK","S4A 0W2"
"593","Hopson, Joseph","Joseph","Hopson","10/22/2005 12:00:00 AM","male","2144 Yonge Street","MOOSE JAW","SK","S6H 5E2"
"594","Alvaro, Carmella","Carmella","Alvaro","10/2/2006 12:00:00 AM","female","4274 47th Avenue","REGINA","SK","S7R 7M2"
"595","Christine, Fred","Fred","Christine","9/11/2005 12:00:00 AM","male","4620 Maynard Rd","ESTEVAN","SK","S4A 1E5"
"596","Langowski, Elsie","Elsie","Langowski","3/29/2006 12:00:00 AM","female","2413 9th Avenue","ESTEVAN","SK","S4A 0L6"
"597","Moonan, Edna","Edna","Moonan","2/21/2003 12:00:00 AM","female","2928 Bloor Street","MOOSOMIN","SK","S0G 3NO"
"598","Hardin, Gina","Gina","Hardin","7/14/2006 12:00:00 AM","female","4117 Barrydowne Road","SASKATOON","SK","S7T 0C1"
"599","Hunter, Doyle","Doyle","Hunter","7/13/2002 12:00:00 AM","male","4033 Speers Road","MCTAGGART","SK","S0G 3G0"
"600","Altaras, Matthew","Matthew","Altaras","7/17/2006 12:00:00 AM","male","321 Haaglund Rd","ANEROID","SK","S0N 0C0"
"601","McComas, Virginia","Virginia","McComas","3/30/2007 12:00:00 AM","female","1926 Eglinton Avenue","ESTEVAN","SK","S4A 1J9"
"602","Lemming, Stuart","Stuart","Lemming","4/17/2006 12:00:00 AM","male","3556 rue Garneau","PRINCE ALBERT","SK","S6V 0J6"
"603","Harker, Anthony","Anthony","Harker","7/15/2005 12:00:00 AM","male","1943 Black Avon Road","REGINA","SK","S4X 4K7"
"604","Creek, Charline","Charline","Creek","8/30/2006 12:00:00 AM","female","4966 40th Street","ESTEVAN","SK","S4A 1T6"
"605","Sierra, Loriann","Loriann","Sierra","5/9/2004 12:00:00 AM","female","578 Boulevard Laflèche","REGINA","SK","S4P 2Z2"
"606","Thrash, George","George","Thrash","10/16/2006 12:00:00 AM","male","4351 rue Saint-Édouard","REGINA","SK","S4S 1K6"
"607","Skok, Timothy","Timothy","Skok","4/6/2004 12:00:00 AM","male","644 Bay Street","SWIFT CURRENT","SK","S9H 1J2"
"608","Stricklind, Esther","Esther","Stricklind","5/8/2006 12:00:00 AM","female","1558 Eglinton Avenue","WEYBURN","SK","S4H 1H7"
"609","Cantor, Thomas","Thomas","Cantor","9/5/2005 12:00:00 AM","male","2690 Balmy Beach Road","PRINCE ALBERT","SK","S6V 0A7"
"610","Carlsen, Lydia","Lydia","Carlsen","5/28/2003 12:00:00 AM","female","703 40th Street","MOOSE JAW","SK","S6H 8B6"
"611","Manning, Antonio","Antonio","Manning","4/22/2003 12:00:00 AM","male","1987 Eglinton Avenue","WEYBURN","SK","S4H 3T9"
"612","Wernert, Richard","Richard","Wernert","12/4/2006 12:00:00 AM","male","4799 Adelaide St","SHAUNAVON","SK","S0N 3L0"
"613","Jimenz, Edward","Edward","Jimenz","7/1/2005 12:00:00 AM","male","3138 Albert Street","SWIFT CURRENT","SK","S9H 1R8"
"614","Bubar, Mei","Mei","Bubar","1/17/2007 12:00:00 AM","female","2805 Hyde Park Road","PRINCE ALBERT","SK","S6V 0L4"
"615","Pamphile, Danny","Danny","Pamphile","3/29/2007 12:00:00 AM","male","4512 rue Levy","MOOSE JAW","SK","S6H 6Y6"
"616","Sandman, Jason","Jason","Sandman","2/23/2007 12:00:00 AM","male","863 rue des Églises Est","SASKATOON","SK","S7K 3M9"
"617","Cleary, Dean","Dean","Cleary","12/31/2007 12:00:00 AM","male","2028 Merton Street","PRINCE ALBERT","SK","S6V 0N5"
"618","Davidsmeyer, Ronald","Ronald","Davidsmeyer","12/26/2006 12:00:00 AM","male","1653 Bridgeport Rd","KAYVILLE","SK","S0H 2C0"
"619","Vallier, Roberto","Roberto","Vallier","3/19/2004 12:00:00 AM","male","3322 Matheson St","ESTEVAN","SK","S4A 1E5"
"620","Nunziata, Betty","Betty","Nunziata","8/12/2007 12:00:00 AM","female","1109 Royal Avenue","SASKATOON","SK","S7J 4S4"
"621","Baskow, Catherine","Catherine","Baskow","4/22/2007 12:00:00 AM","female","4238 Adelaide St","TURTLEFORD","SK","S0M 2Y0"
"622","Poiter, Bruce","Bruce","Poiter","9/1/2006 12:00:00 AM","male","1912 7th Ave","WEYBURN","SK","S4H 2Y2"
"623","Sutter, Jerold","Jerold","Sutter","4/15/2007 12:00:00 AM","male","3185 Charleton Ave","PRINCE ALBERT","SK","S6V 6Z5"
"624","Platt, Adam","Adam","Platt","7/5/2007 12:00:00 AM","male","1489 Haaglund Rd","WILKIE","SK","X0X 0X0"
"625","Scharer, Aaron","Aaron","Scharer","10/26/2006 12:00:00 AM","male","501 Main St","SASKATOON","SK","S7M 2M1"
"626","Stembridge, Henry","Henry","Stembridge","7/19/2007 12:00:00 AM","male","645 9th Ave","PRINCE ALBERT","SK","S6V 2M1"
"627","Beesley, Lester","Lester","Beesley","12/31/2004 12:00:00 AM","male","3356 Essendene Avenue","REGINA","SK","S4R 0B9"
"628","Masengale, Annette","Annette","Masengale","1/12/2008 12:00:00 AM","female","4036 Pape Ave","SOMME","SK","S0E 1N0"
"629","Chavis, Samuel","Samuel","Chavis","8/3/2006 12:00:00 AM","male","619 chemin Hudson","SWIFT CURRENT","SK","S9H 2P8"
"630","Zdrojewski, Julie","Julie","Zdrojewski","9/23/2007 12:00:00 AM","female","1715 Eglinton Avenue","CABRI","SK","S0N 0J0"
"631","Hamidi, Charles","Charles","Hamidi","11/7/2007 12:00:00 AM","male","4204 5th Avenue","PRINCE ALBERT","SK","S6V 0E4"
"632","Mandl, Gil","Gil","Mandl","11/12/2006 12:00:00 AM","male","2521 MacLaren Street","SASKATOON","SK","S7K 5M1"
"633","Hinds, Nelson","Nelson","Hinds","7/26/2007 12:00:00 AM","male","4968 Alness Street","MOOSE JAW","SK","S6H 4R3"
"634","Bart, Jesus","Jesus","Bart","7/31/2004 12:00:00 AM","male","1648 Pine Street","MOOSE JAW","SK","S6J 1A1"
"635","King, Erin","Erin","King","1/1/2004 12:00:00 AM","female","154 James Street","WEYBURN","SK","S4H 1A2"
"636","Touchstone, Andrew","Andrew","Touchstone","4/23/2008 12:00:00 AM","male","3966 No. 3 Road","PORCUPINE PLAIN","SK","S0E 1H0"
"637","Smallmon, Alphonse","Alphonse","Smallmon","4/13/2008 12:00:00 AM","male","2173 Bridgeport Rd","REGINA","SK","S4S 0S3"
"638","Galvan, Albert","Albert","Galvan","7/28/2004 12:00:00 AM","male","1466 Port Washington Road","MOOSE JAW","SK","S6H 2A4"
"639","Feese, Justin","Justin","Feese","7/16/2003 12:00:00 AM","male","804 Blind Bay Road","WEYBURN","SK","S4H 0E5"
"640","Valenzuela, John","John","Valenzuela","9/2/2004 12:00:00 AM","male","1759 56th Street","EMERALD PARK","SK","S4L 1A7"
"641","Cundy, Erin","Erin","Cundy","7/21/2007 12:00:00 AM","female","1588 Galts Ave","WEYBURN","SK","S4H 1Z8"
"642","Kaylor, Shanda","Shanda","Kaylor","2/20/2008 12:00:00 AM","female","1267 Hyde Park Road","MOOSE JAW","SK","S6S 1C6"
"643","Rodrigue, Shawn","Shawn","Rodrigue","2/24/2008 12:00:00 AM","male","1359 MacLaren Street","NORTH BATTLEFORD","SK","S9A 1T5"
"644","Ashline, Darlene","Darlene","Ashline","9/6/2004 12:00:00 AM","female","1894 Blind Bay Road","SASKATOON","SK","S7N 4A2"
"645","Doman, Robert","Robert","Doman","11/4/2006 12:00:00 AM","male","1356 Eglinton Avenue","SASKATOON","SK","S7J 2A1"
"646","Eifler, Miles","Miles","Eifler","6/7/2007 12:00:00 AM","male","417 Hardy Street","PRINCE ALBERT","SK","S6V 4M7"
"647","Vitale, Toby","Toby","Vitale","7/15/2004 12:00:00 AM","male","1694 St. John Street","LANCER","SK","X0X 0X0"
"648","Kisner, Lillie","Lillie","Kisner","9/6/2007 12:00:00 AM","female","3859 Kinchant St","C0DETTE","SK","S0E 0P0"
"649","Carreras, Chad","Chad","Carreras","9/3/2007 12:00:00 AM","male","3937 11th Ave","MOOSE JAW","SK","S6J 1L2"
"650","Grainger, James","James","Grainger","9/23/2003 12:00:00 AM","male","1578 Kinchant St","WHITEWOOD","SK","S0G 5L0"
"651","Biehler, Mark","Mark","Biehler","6/20/2004 12:00:00 AM","male","2797 Roger Street","CUDWORTH","SK","S0K 1B0"
"652","Gilkeson, Joseph","Joseph","Gilkeson","2/29/2004 12:00:00 AM","male","2097 47th Avenue","WEYBURN","SK","S4H 2R4"
"653","Augustus, Linda","Linda","Augustus","11/16/2006 12:00:00 AM","female","1281 rue Saint-Antoine","SASKATOON","SK","S7N 1P3"
"654","Lessner, John","John","Lessner","4/20/2007 12:00:00 AM","male","3598 Fallon Drive","REGINA","SK","S4R 2R7"
"655","McDonough, Timothy","Timothy","McDonough","8/13/2007 12:00:00 AM","male","2317 Duke Street","SASKATOON","SK","S7J 5K2"
"656","Karpenko, Dorothy","Dorothy","Karpenko","4/19/2008 12:00:00 AM","female","4266 Côte Joyeuse","SWIFT CURRENT","SK","S9H 1Z7"
"657","Hassenfritz, Bobby","Bobby","Hassenfritz","8/20/2004 12:00:00 AM","male","3840 Rogers Road","SWIFT CURRENT","SK","S9H 1K3"
"658","Loredo, Robert","Robert","Loredo","2/22/2005 12:00:00 AM","male","358 Reserve St","SASKATOON","SK","S7J 0P2"
"659","Bathgate, Ida","Ida","Bathgate","4/5/2007 12:00:00 AM","female","4254 Main St","MEADOW LAKE","SK","S9X 1H8"
"660","Shouse, Lenard","Lenard","Shouse","11/13/2003 12:00:00 AM","male","2631 De la Providence Avenue","SASKATOON","SK","S7J 1E9"
"661","Brattin, Vincent","Vincent","Brattin","3/7/2007 12:00:00 AM","male","4069 Bridgeport Rd","ALAMEDA","SK","S0C 0A0"
"662","Catalan, Paul","Paul","Catalan","3/27/2008 12:00:00 AM","male","1649 Brook St","ESTEVAN","SK","S4A 2Y3"
"663","Sipos, John","John","Sipos","11/10/2004 12:00:00 AM","male","3422 Pitfield Blvd","KAYVILLE","SK","S0H 2C0"
"664","Griffith, Ralph","Ralph","Griffith","3/5/2005 12:00:00 AM","male","3752 Water Street","GAINSBOROUGH","SK","S0C 0Z0"
"665","Osborn, Troy","Troy","Osborn","6/11/2005 12:00:00 AM","male","2990 Saint-Denis Street","REGINA","SK","S4N 3B8"
"666","Abubaker, Wm","Wm","Abubaker","5/16/2005 12:00:00 AM","male","1589 rue des Églises Est","ESTEVAN","SK","S4A 0H8"
"667","Lockhart, Joel","Joel","Lockhart","7/20/2004 12:00:00 AM","male","4514 Ste. Catherine Ouest","PRINCE ALBERT","SK","S6V 3K4"
"668","Dombroski, Ryan","Ryan","Dombroski","8/6/2004 12:00:00 AM","male","2148 Lynden Road","REGINA","SK","S4S 1B3"
"669","Maddaloni, Nicole","Nicole","Maddaloni","9/14/2004 12:00:00 AM","female","1367 James Street","REGINA","SK","S4N 1W3"
"670","Smoot, Nancy","Nancy","Smoot","11/27/2007 12:00:00 AM","female","4989 47th Avenue","ESTEVAN","SK","S4A 2R9"
"671","Chaves, Daniel","Daniel","Chaves","9/28/2003 12:00:00 AM","male","1505 rue Levy","PRINCE ALBERT","SK","S6V 2Z2"
"672","So, Enrique","Enrique","So","1/12/2007 12:00:00 AM","male","4540 Robson St","REGINA","SK","S4S 1B3"
"673","Hiott, Charles","Charles","Hiott","6/8/2004 12:00:00 AM","male","3077 De la Providence Avenue","ESTEVAN","SK","S4A 2N5"
"674","Arteaga, Saul","Saul","Arteaga","5/6/2005 12:00:00 AM","male","604 Township Rd","PRINCE ALBERT","SK","S6V 1Y7"
"675","Bedgood, James","James","Bedgood","1/16/2007 12:00:00 AM","male","3421 James Street","SASKATOON","SK","S7M 0M7"
"676","Pivin, Alex","Alex","Pivin","8/19/2006 12:00:00 AM","male","3237 Dufferin Street","MOOSE JAW","SK","S6H 4V7"
"677","Ballance, Ana","Ana","Ballance","2/9/2007 12:00:00 AM","female","2317 René-Lévesque Blvd","PRINCE ALBERT","SK","S6V 0H5"
"678","Kipfer, Brian","Brian","Kipfer","7/11/2006 12:00:00 AM","male","4152 Carlson Road","MOOSE JAW","SK","S6H 2A2"
"679","Higgins, Judy","Judy","Higgins","4/26/2005 12:00:00 AM","female","3887 Lake City Way","PRINCE ALBERT","SK","S6V 0L4"
"680","Solarz, Edward","Edward","Solarz","9/29/2004 12:00:00 AM","male","3095 Acton Avenue","ESTEVAN","SK","S4A 0A1"
"681","Delucchi, Gregory","Gregory","Delucchi","9/16/2006 12:00:00 AM","male","4206 Princess St","PRINCE ALBERT","SK","S6V 0H5"
"682","Jurado, Carol","Carol","Jurado","7/22/2007 12:00:00 AM","female","3689 Kinchant St","YORKTON","SK","S3N 3L7"
"683","Ricci, Joanne","Joanne","Ricci","7/30/2003 12:00:00 AM","female","738 Bay Street","SASKATOON","SK","S7N 1P7"
"684","Braddy, Ann","Ann","Braddy","11/27/2004 12:00:00 AM","female","4944 Fourth Avenue","SWIFT CURRENT","SK","S9H 3H3"
"685","Spain, Elaine","Elaine","Spain","12/6/2003 12:00:00 AM","female","342 90th Avenue","ANNAHEIM","SK","S0K 0G0"
"686","Schoeben, Austin","Austin","Schoeben","12/14/2003 12:00:00 AM","male","4337 rue des Églises Est","REGINA","SK","S4N 4T1"
"687","Kayser, Amy","Amy","Kayser","8/8/2004 12:00:00 AM","female","2913 Lauzon Parkway","SASKATOON","SK","S7L 1E4"
"688","Peppel, Marc","Marc","Peppel","9/24/2006 12:00:00 AM","male","2148 Yonge Street","SASKATOON","SK","S7H 3N6"
"689","Mabalot, Lawrence","Lawrence","Mabalot","2/24/2008 12:00:00 AM","male","2852 Blanshard","REGINA","SK","S4X 4S6"
"690","Halasz, Steven","Steven","Halasz","6/2/2008 12:00:00 AM","male","3153 Bay Street","YORKTON","SK","S3N 0Z6"
"691","Borger, Adan","Adan","Borger","11/22/2003 12:00:00 AM","male","4996 St. John Street","SASKATOON","SK","S7L 2Z9"
"692","Priebe, Elliott","Elliott","Priebe","3/25/2004 12:00:00 AM","male","2981 Brand Road","REGINA","SK","S4S 4P9"
"693","Saporito, Woodrow","Woodrow","Saporito","12/22/2006 12:00:00 AM","male","4067 Galts Ave","MOOSE JAW","SK","S6H 5L5"
"694","Splain, Jeremy","Jeremy","Splain","1/19/2005 12:00:00 AM","male","2813 Venture Place","SASKATOON","SK","S7K 8B7"
"695","Brambila, Roger","Roger","Brambila","8/29/2004 12:00:00 AM","male","3904 Islington Ave","ESTEVAN","SK","S4A 1P5"
"696","Raysor, Tommy","Tommy","Raysor","10/13/2003 12:00:00 AM","male","3403 Brand Road","YORKTON","SK","S3N 2T2"
"697","Villarrubia, Danielle","Danielle","Villarrubia","11/9/2006 12:00:00 AM","female","3817 11th Ave","SASKATOON","SK","S7M 2M1"
"698","Smallwood, Gary","Gary","Smallwood","6/22/2005 12:00:00 AM","male","1635 Lockhart Drive","SASKATOON","SK","S7L 3L3"
"699","McKibbens, Thomas","Thomas","McKibbens","8/23/2006 12:00:00 AM","male","1490 George Street","REGINA","SK","S4X 2Y8"
"700","Kloster, Roman","Roman","Kloster","7/29/2004 12:00:00 AM","male","2126 Hastings Street","REGINA","SK","S4R 3R4"
"701","Argo, Manuel","Manuel","Argo","5/5/2004 12:00:00 AM","male","2198 Venture Place","SASKATOON","SK","S7J 3E1"
"702","Hamel, Tom","Tom","Hamel","7/29/2004 12:00:00 AM","male","4195 Fourth Avenue","REGINA","SK","S4X 3Y1"
"703","Platner, Mark","Mark","Platner","10/25/2006 12:00:00 AM","male","3913 Wellington Ave","SASKATOON","SK","S7H 0N2"
"704","Roginski, Stephanie","Stephanie","Roginski","4/21/2007 12:00:00 AM","female","2899 Craven Place","WEYBURN","SK","S4H 1L8"
"705","Barefoot, Thomas","Thomas","Barefoot","5/18/2005 12:00:00 AM","male","3364 avenue de Port-Royal","PONTEIX","SK","S0N 0C0"
"706","Saxon, George","George","Saxon","10/16/2006 12:00:00 AM","male","951 Nelson Street","BURSTAL","SK","S0N 0H0"
"707","Hafenbrack, Norman","Norman","Hafenbrack","1/20/2007 12:00:00 AM","male","926 Victoria Park Ave","PRINCE ALBERT","SK","S6V 3R9"
"708","Dombek, Fannie","Fannie","Dombek","9/25/2006 12:00:00 AM","female","787 Blind Bay Road","PRINCE ALBERT","SK","S6V 6V7"
"709","Balmaceda, Arturo","Arturo","Balmaceda","12/1/2003 12:00:00 AM","male","3231 Speers Road","CORMAN PARK","SK","S7T 1B9"
"710","Agrella, Neil","Neil","Agrella","11/27/2006 12:00:00 AM","male","682 Mesa Vista Drive","SASKATOON","SK","S7J 3C8"
"711","Patrick, Derrick","Derrick","Patrick","12/1/2007 12:00:00 AM","male","3586 Eglinton Avenue","SASKATOON","SK","S7H 4C2"
"712","Truchan, Ronald","Ronald","Truchan","3/21/2007 12:00:00 AM","male","3635 Pearl Street","WEYBURN","SK","S4H 1L9"
"713","Willetts, Bruce","Bruce","Willetts","10/21/2003 12:00:00 AM","male","3111 Adelaide St","PRINCE ALBERT","SK","S6V 0M7"
"714","Schenker, Paul","Paul","Schenker","2/15/2008 12:00:00 AM","male","3235 Tycos Dr","SASKATOON","SK","S7M 0H8"
"715","Halberg, Ryan","Ryan","Halberg","9/11/2007 12:00:00 AM","male","809 11th Ave","YORKTON","SK","S3N 2J5"
"716","Paniagua, Shirley","Shirley","Paniagua","7/25/2003 12:00:00 AM","female","2952 Birkett Lane","SASKATOON","SK","S7K 6G1"
"717","Botts, Phil","Phil","Botts","5/13/2007 12:00:00 AM","male","3349 St-Jerome Street","GARRICK","SK","S0J 0Z0"
"718","Tenario, Eduardo","Eduardo","Tenario","9/17/2004 12:00:00 AM","male","2428 Yonge Street","REGINA","SK","S4R 0K9"
"719","Boulanger, John","John","Boulanger","9/24/2007 12:00:00 AM","male","110 Papineau Avenue","SASKATOON","SK","S7J 2T3"
"720","Manuelito, Kenneth","Kenneth","Manuelito","6/17/2008 12:00:00 AM","male","2024 Beaver Creek","REGINA","SK","S4S 4K9"
"721","Ciocco, Edgar","Edgar","Ciocco","10/29/2003 12:00:00 AM","male","2029 Bay Street","MOOSE JAW","SK","S6H 0X7"
"722","Spader, Adam","Adam","Spader","1/9/2008 12:00:00 AM","male","3540 49th Avenue","WEYBURN","SK","S4H 1R8"
"723","Kurt, James","James","Kurt","11/10/2003 12:00:00 AM","male","129 Parkdale Ave","SASKATOON","SK","S7H 4Z5"
"724","Talahytewa, Mary","Mary","Talahytewa","8/27/2006 12:00:00 AM","male","1905 Township Rd","CENTRAL BUTTE","SK","S0H 0T0"
"725","Bouchard, Mary","Mary","Bouchard","3/23/2004 12:00:00 AM","female","1698 Hamilton Street","SASKATOON","SK","S7H 4N9"
"726","Russman, Edna","Edna","Russman","7/1/2007 12:00:00 AM","female","1946 Bay Street","PRINCE ALBERT","SK","S6V 4N1"
"727","Prats, Dean","Dean","Prats","9/24/2007 12:00:00 AM","male","753 Fallon Drive","SWIFT CURRENT","SK","S9H 5A5"
"728","Shermer, Sarah","Sarah","Shermer","11/26/2006 12:00:00 AM","female","1743 Dominion St","MOOSE JAW","SK","S6J 1G6"
"729","Keesee, Frank","Frank","Keesee","4/10/2005 12:00:00 AM","male","443 Bloor Street","REGINA","SK","S4X 4K5"
"730","Whittlesey, Scott","Scott","Whittlesey","3/13/2008 12:00:00 AM","male","4120 A Avenue","SASKATOON","SK","S7L 0T7"
"731","Whyte, Matilda","Matilda","Whyte","9/22/2007 12:00:00 AM","female","3628 Ross Street","SASKATOON","SK","S7J 0H6"
"732","Sakakeeny, Frank","Frank","Sakakeeny","8/19/2006 12:00:00 AM","male","2932 Merivale Road","SASKATOON","SK","S7K 3L7"
"733","Saisa, Roxanne","Roxanne","Saisa","2/15/2005 12:00:00 AM","female","341 Jade St","MOOSE JAW","SK","S6H 3P2"
"734","Devillers, Judy","Judy","Devillers","12/11/2006 12:00:00 AM","female","405 Brew Creek Rd","MOOSE JAW","SK","S6H 7T7"
"735","Daigle, Brian","Brian","Daigle","6/17/2007 12:00:00 AM","male","1585 rue Fournier","ESTEVAN","SK","S4A 2P4"
"736","Pinion, Ami","Ami","Pinion","1/8/2008 12:00:00 AM","female","773 Eagle Rd","MELFORT","SK","X0X 0X0"
"737","Brumbaugh, Mark","Mark","Brumbaugh","11/8/2007 12:00:00 AM","male","4870 Harvest Moon Dr","ESTEVAN","SK","S4A 0L7"
"738","Gan, Luis","Luis","Gan","9/26/2007 12:00:00 AM","male","2167 Weir Crescent","WEBB","SK","X0X 0X0"
"739","Rabine, Ethel","Ethel","Rabine","8/4/2004 12:00:00 AM","female","2796 Carling Avenue","SASKATOON","SK","S7L 3K1"
"740","Orlowski, Ethel","Ethel","Orlowski","1/27/2004 12:00:00 AM","female","419 St Jean Baptiste St","REGINA","SK","S4S 6A8"
"741","Deneen, Timothy","Timothy","Deneen","2/4/2007 12:00:00 AM","male","3534 rue des Églises Est","MOOSE JAW","SK","S6H 4P8"
"742","Segouia, Hugh","Hugh","Segouia","12/1/2006 12:00:00 AM","male","1562 Promenade du Portage","WEYBURN","SK","S4H 3G5"
"743","Cudahy, Henry","Henry","Cudahy","12/12/2007 12:00:00 AM","male","4656 Yoho Valley Road","PRINCE ALBERT","SK","S6V 5E2"
"744","Summey, Richard","Richard","Summey","6/17/2007 12:00:00 AM","male","1622 Stum Lake Road","YORKTON","SK","X0X 0X0"
"745","Werst, Brian","Brian","Werst","3/3/2004 12:00:00 AM","male","3904 Bay Street","MOOSE JAW","SK","S6H 0E6"
"746","Wiglesworth, Howard","Howard","Wiglesworth","10/23/2007 12:00:00 AM","male","790 Albert Street","MOOSE JAW","SK","S6H 4G5"
"747","Westhoff, James","James","Westhoff","1/8/2004 12:00:00 AM","male","1510 Island Hwy","SWIFT CURRENT","SK","S9H 4M8"
"748","Lief, Larry","Larry","Lief","3/19/2005 12:00:00 AM","male","1351 Dominion St","NORTH BATTLEFORD","SK","S9A 2X4"
"749","Walezak, Theresa","Theresa","Walezak","12/5/2006 12:00:00 AM","female","4383 Wyecroft Road","PONTEIX","SK","S0N 1S0"
"750","Person, Frederick","Frederick","Person","1/2/2005 12:00:00 AM","male","612 Papineau Avenue","REGINA","SK","S4S 0G6"
"751","Binford, James","James","Binford","12/18/2007 12:00:00 AM","male","3847 Robson St","RIVERHURST","SK","S0H 3P0"
"752","Joseph, Donald","Donald","Joseph","5/7/2008 12:00:00 AM","male","348 99th St","REGINA","SK","S4S 6N2"
"753","Shaul, Arlene","Arlene","Shaul","10/28/2007 12:00:00 AM","female","2788 Holdom Avenue","PLUNKETT","SK","S0K 3J0"
"754","Gallardo, Maria","Maria","Gallardo","2/6/2008 12:00:00 AM","female","4502 René-Lévesque Blvd","YORKTON","SK","S3N 2T2"
"755","Duval, Daphne","Daphne","Duval","12/12/2007 12:00:00 AM","female","1157 Alaska Hwy","REGINA","SK","S4S 6N2"
"756","Eisenhuth, Shawn","Shawn","Eisenhuth","12/22/2006 12:00:00 AM","male","1015 Danforth Avenue","PRINCE ALBERT","SK","S6V 4V3"
"757","Damon, Helen","Helen","Damon","6/1/2008 12:00:00 AM","female","2082 Reserve St","ST WALBURG","SK","S0M 2T0"
"758","Ramon, Lonnie","Lonnie","Ramon","3/20/2004 12:00:00 AM","male","1601 Eglinton Avenue","ESTEVAN","SK","S4A 1K1"
"759","Kelton, Luz","Luz","Kelton","7/7/2004 12:00:00 AM","female","3430 Russell Avenue","MOOSE JAW","SK","S6H 5L5"
"760","Kramer, James","James","Kramer","1/3/2008 12:00:00 AM","male","1060 McGill Road","ESTEVAN","SK","S4A 0M6"
"761","Pauley, David","David","Pauley","11/3/2006 12:00:00 AM","male","1280 Ross Street","SASKATOON","SK","S7K 2J2"
"762","Goodrum, Karen","Karen","Goodrum","7/3/2007 12:00:00 AM","female","4070 Nelson Street","EDAM","SK","S0M 0V0"
"763","Archambeau, Raymond","Raymond","Archambeau","4/28/2004 12:00:00 AM","male","876 Sheppard Ave","SASKATOON","SK","S7K 5G7"
"764","Diallo, Matthew","Matthew","Diallo","8/26/2007 12:00:00 AM","male","4907 Kennedy Rd","MOOSE JAW","SK","S6H 3C1"
"765","Skiles, Landon","Landon","Skiles","11/11/2004 12:00:00 AM","male","1352 Dundas St","YORKTON","SK","S3N 1S7"
"766","Widdows, Patricia","Patricia","Widdows","12/17/2003 12:00:00 AM","female","729 Toy Avenue","PRINCE ALBERT","SK","S6V 2N5"
"767","Ragan, Patrick","Patrick","Ragan","12/4/2006 12:00:00 AM","male","3326 St. John Street","REGINA","SK","S4R 2X3"
"768","Gallus, Robert","Robert","Gallus","1/20/2008 12:00:00 AM","male","3438 Carling Avenue","REGINA","SK","S4T 7M7"
"769","Applegate, Travis","Travis","Applegate","11/27/2004 12:00:00 AM","male","2862 Sixth Street","YORKTON","SK","S3N 0N5"
"770","Plant, Gabriel","Gabriel","Plant","4/2/2004 12:00:00 AM","male","1004 Cork St","REGINA","SK","S4T 3Z6"
"771","Langone, Christopher","Christopher","Langone","8/17/2007 12:00:00 AM","male","3815 Elgin Street","SASKATOON","SK","S7L 1C7"
"772","McGlothlin, Rosemary","Rosemary","McGlothlin","9/20/2004 12:00:00 AM","female","3181 11th Ave","SASKATOON","SK","S7K 6S8"
"773","McCall, Evette","Evette","McCall","5/11/2008 12:00:00 AM","female","3331 Thatcher Avenue","PRINCE ALBERT","SK","S6V 5H9"
"774","Man, Stephanie","Stephanie","Man","11/30/2006 12:00:00 AM","female","2157 Tycos Dr","SASKATOON","SK","S7K 1B3"
"775","Bilodeau, Brenda","Brenda","Bilodeau","5/15/2007 12:00:00 AM","female","2224 University Avenue","REGINA","SK","S4N 5G5"
"776","Giancola, Bradley","Bradley","Giancola","7/9/2003 12:00:00 AM","male","2959 Lake City Way","SWIFT CURRENT","SK","S9H 5B4"
"777","Layous, Wayne","Wayne","Layous","9/19/2006 12:00:00 AM","male","718 50th Street","YORKTON","SK","S3N 4G3"
"778","Rickerd, Dean","Dean","Rickerd","3/6/2007 12:00:00 AM","male","1864 40th Street","SASKATOON","SK","S7J 4X4"
"779","Lechtenberg, Peter","Peter","Lechtenberg","9/24/2004 12:00:00 AM","male","2110 Glover Road","SASKATOON","SK","S7K 5H6"
"780","McIver, William","William","McIver","1/10/2004 12:00:00 AM","male","728 Venture Place","PRINCE ALBERT","SK","S6V 7Z2"
"781","Bougher, Helen","Helen","Bougher","2/4/2004 12:00:00 AM","female","2270 James Street","MOOSE JAW","SK","S4H 4P8"
"782","Hylands, Luann","Luann","Hylands","10/19/2003 12:00:00 AM","female","1522 Adelaide St","NORTH BATTLEFORD","SK","S9A 3Y3"
"783","Fogal, Larry","Larry","Fogal","6/4/2005 12:00:00 AM","male","905 Kinchant St","WHITE CITY","SK","S4L 0B3"
"784","Sartin, Robert","Robert","Sartin","3/24/2004 12:00:00 AM","male","4938 Seguin Street","SASKATOON","SK","S7H 3Y5"
"785","Puckett, Kerry","Kerry","Puckett","4/22/2007 12:00:00 AM","female","2771 Nelson Street","SASKATOON","SK","S7H 4C4"
"786","Goelz, Merry","Merry","Goelz","11/12/2006 12:00:00 AM","female","844 St George Street","ESTEVAN","SK","S4A 1A4"
"787","Harness, Robert","Robert","Harness","8/21/2007 12:00:00 AM","male","1901 Fourth Avenue","VISCOUNT","SK","X0X 0X0"
"788","Waldrop, Larry","Larry","Waldrop","12/8/2003 12:00:00 AM","male","436 40th Street","SASKATOON","SK","S7L 0T7"
"789","Towns, Henry","Henry","Towns","9/30/2007 12:00:00 AM","male","2719 Rue King","SASKATOON","SK","S7L 0W9"
"790","Markowski, Louise","Louise","Markowski","1/6/2007 12:00:00 AM","female","3486 Boulevard Ste-Geneviève","YORKTON","SK","S3N 1T8"
"791","Swallow, Cameron","Cameron","Swallow","1/11/2008 12:00:00 AM","male","2691 St-Jacques Est","REGINA","SK","S4T 7W7"
"792","Matute, Jessica","Jessica","Matute","2/25/2008 12:00:00 AM","female","4940 90th Avenue","SASKATOON","SK","S7L 3V6"
"793","Caufield, Rodney","Rodney","Caufield","10/24/2003 12:00:00 AM","male","4021 boulevard des Laurentides","ESTEVAN","SK","S4A 0Y5"
"794","Hartsfield, Bob","Bob","Hartsfield","11/28/2006 12:00:00 AM","male","3208 Wascana Parkway","PRINCE ALBERT","SK","S6V 5R8"
"795","Stauffer, Gayle","Gayle","Stauffer","9/14/2006 12:00:00 AM","female","2043 rue des Églises Est","SASKATOON","SK","S7K 6E7"
"796","Plenge, Johnnie","Johnnie","Plenge","2/13/2008 12:00:00 AM","male","4899 Shaughnessy St","SASKATOON","SK","S7J 2L4"
"797","Sagona, Wai","Wai","Sagona","1/13/2008 12:00:00 AM","female","1231 rue des Églises Est","PRINCE ALBERT","SK","S6V 6H4"
"798","Agnew, Warren","Warren","Agnew","12/11/2006 12:00:00 AM","male","3623 Glover Road","REGINA","SK","S4R 0E1"
"799","Sobczak, Charles","Charles","Sobczak","4/20/2004 12:00:00 AM","male","2158 James Street","REGINA","SK","S4X 2E7"
"800","Tindal, Marvin","Marvin","Tindal","7/24/2007 12:00:00 AM","male","4225 St. John Street","PRINCE ALBERT","SK","S6V 0J3"
"801","Upchurch, Felicia","Felicia","Upchurch","7/17/2006 12:00:00 AM","female","2882 Heritage Drive","SASKATOON","SK","S7H 4J7"
"802","Timms, Frank","Frank","Timms","4/26/2007 12:00:00 AM","male","3470 49th Avenue","KINDERSLEY","SK","S0L 1S1"
"803","Daddario, Lisa","Lisa","Daddario","8/12/2006 12:00:00 AM","female","3144 rue Principale","GALLIVAN","SK","S0M 0X0"
"804","Franck, Gregory","Gregory","Franck","8/9/2007 12:00:00 AM","male","821 rue St-Paul","SASKATOON","SK","S7J 1W5"
"805","Julio, Jennifer","Jennifer","Julio","11/11/2004 12:00:00 AM","female","3071 chemin du Lac","SWIFT CURRENT","SK","S0H 0Y1"
"806","Valasquez, Linda","Linda","Valasquez","6/7/2004 12:00:00 AM","female","1934 Weir Crescent","NORTH BATTLEFORD","SK","S9A 1H8"
"807","Kendrick, Carlos","Carlos","Kendrick","8/9/2004 12:00:00 AM","male","2268 Sheppard Ave","ESTEVAN","SK","S4A 1B3"
"808","Clear, Christopher","Christopher","Clear","3/7/2007 12:00:00 AM","male","2771 Port Washington Road","PRINCE ALBERT","SK","S6V 7L1"
"809","Bendana, Gregory","Gregory","Bendana","1/15/2005 12:00:00 AM","male","1663 Hardy Street","SWIFT CURRENT","SK","S9H 1B2"
"810","Zerzan, Tina","Tina","Zerzan","5/25/2007 12:00:00 AM","female","2565 Queens Bay","REGINA","SK","S4X 0A3"
"811","Prasek, Loretta","Loretta","Prasek","1/31/2005 12:00:00 AM","female","2554 Islington Ave","SASKATOON","SK","S7H 4T3"
"812","Frazier, Beverly","Beverly","Frazier","1/24/2008 12:00:00 AM","female","4717 Parkdale Ave","NORTH BATTLEFORD","SK","S9A 0L3"
"813","Cusick, Nicolas","Nicolas","Cusick","12/28/2006 12:00:00 AM","male","1481 Stum Lake Road","GAINSBOROUGH","SK","S0C 0Z0"
"814","Colvard, Teresa","Teresa","Colvard","11/15/2006 12:00:00 AM","female","1069 Rue De La Gare","SASKATOON","SK","S7H 1P9"
"815","Andrew, John","John","Andrew","11/2/2004 12:00:00 AM","male","2866 Main St","REGINA","SK","S4X 4G3"
